{
    "version": "0.4",
    "title": "Block &#8211; Numbers",
    "type": "section",
    "metadata": {
        "template_type": "section-stats",
        "include_in_zip": "1",
        "elementor_pro_required": null,
        "wp_page_template": "default"
    },
    "content": [
        {
            "id": "7e5eaa37",
            "settings": {
                "background_background": "gradient",
                "shape_divider_top": "waves",
                "shape_divider_top_width": {
                    "unit": "%",
                    "size": 200,
                    "sizes": []
                },
                "shape_divider_top_height": {
                    "unit": "px",
                    "size": 50,
                    "sizes": []
                },
                "shape_divider_top_flip": "yes",
                "margin": {
                    "unit": "px",
                    "top": "0",
                    "right": 0,
                    "bottom": "0",
                    "left": 0,
                    "isLinked": false
                },
                "padding": {
                    "unit": "px",
                    "top": "150",
                    "right": "0",
                    "bottom": "150",
                    "left": "0",
                    "isLinked": false
                },
                "__globals__": {
                    "background_color": "globals\/colors?id=secondary",
                    "shape_divider_top_color": "globals\/colors?id=bffb171",
                    "shape_divider_bottom_color": "globals\/colors?id=bffb171",
                    "background_color_b": "globals\/colors?id=text"
                },
                "_title": "Numbers",
                "shape_divider_bottom": "waves",
                "shape_divider_bottom_width": {
                    "unit": "%",
                    "size": 200,
                    "sizes": []
                },
                "shape_divider_bottom_height": {
                    "unit": "px",
                    "size": 50,
                    "sizes": []
                },
                "shape_divider_bottom_flip": "yes",
                "padding_tablet": {
                    "unit": "px",
                    "top": "120",
                    "right": "0",
                    "bottom": "120",
                    "left": "0",
                    "isLinked": false
                },
                "padding_mobile": {
                    "unit": "px",
                    "top": "90",
                    "right": "0",
                    "bottom": "90",
                    "left": "0",
                    "isLinked": false
                }
            },
            "elements": [
                {
                    "id": "5093a600",
                    "settings": {
                        "_column_size": 100,
                        "_inline_size": null,
                        "__globals__": {
                            "background_color": ""
                        },
                        "margin": {
                            "unit": "px",
                            "top": "0",
                            "right": "0",
                            "bottom": "0",
                            "left": "0",
                            "isLinked": false
                        },
                        "padding": {
                            "unit": "px",
                            "top": "0",
                            "right": "0",
                            "bottom": "0",
                            "left": "0",
                            "isLinked": false
                        }
                    },
                    "elements": [
                        {
                            "id": "74bbbb9a",
                            "settings": {
                                "structure": "30",
                                "margin": {
                                    "unit": "px",
                                    "top": "0",
                                    "right": 0,
                                    "bottom": "0",
                                    "left": 0,
                                    "isLinked": false
                                },
                                "padding": {
                                    "unit": "px",
                                    "top": "0",
                                    "right": "0",
                                    "bottom": "0",
                                    "left": "0",
                                    "isLinked": false
                                }
                            },
                            "elements": [
                                {
                                    "id": "190f449a",
                                    "settings": {
                                        "_column_size": 33,
                                        "_inline_size": null,
                                        "margin": {
                                            "unit": "px",
                                            "top": "0",
                                            "right": "0",
                                            "bottom": "0",
                                            "left": "0",
                                            "isLinked": false
                                        },
                                        "padding": {
                                            "unit": "px",
                                            "top": "0",
                                            "right": "30",
                                            "bottom": "0",
                                            "left": "30",
                                            "isLinked": false
                                        },
                                        "animation": "fadeIn",
                                        "padding_mobile": {
                                            "unit": "px",
                                            "top": "0",
                                            "right": "30",
                                            "bottom": "50",
                                            "left": "30",
                                            "isLinked": false
                                        }
                                    },
                                    "elements": [
                                        {
                                            "id": "36fd01a",
                                            "settings": {
                                                "ending_number": 86,
                                                "suffix": "%",
                                                "title": "",
                                                "__globals__": {
                                                    "number_color": "globals\/colors?id=primary",
                                                    "typography_number_typography": "globals\/typography?id=primary"
                                                }
                                            },
                                            "elements": [],
                                            "isInner": false,
                                            "widgetType": "counter",
                                            "elType": "widget"
                                        },
                                        {
                                            "id": "6275b139",
                                            "settings": {
                                                "width": {
                                                    "unit": "px",
                                                    "size": 60,
                                                    "sizes": []
                                                },
                                                "text": "Divider",
                                                "weight": {
                                                    "unit": "px",
                                                    "size": 3,
                                                    "sizes": []
                                                },
                                                "__globals__": {
                                                    "color": "globals\/colors?id=99b82ae"
                                                },
                                                "align": "center"
                                            },
                                            "elements": [],
                                            "isInner": false,
                                            "widgetType": "divider",
                                            "elType": "widget"
                                        },
                                        {
                                            "id": "7f56226a",
                                            "settings": {
                                                "title": "of learners report improved job performance with us",
                                                "header_size": "h6",
                                                "align": "center",
                                                "__globals__": {
                                                    "title_color": "globals\/colors?id=bffb171"
                                                }
                                            },
                                            "elements": [],
                                            "isInner": false,
                                            "widgetType": "heading",
                                            "elType": "widget"
                                        }
                                    ],
                                    "isInner": true,
                                    "elType": "column"
                                },
                                {
                                    "id": "35cb249",
                                    "settings": {
                                        "_column_size": 33,
                                        "_inline_size": null,
                                        "margin": {
                                            "unit": "px",
                                            "top": "0",
                                            "right": "0",
                                            "bottom": "0",
                                            "left": "0",
                                            "isLinked": false
                                        },
                                        "padding": {
                                            "unit": "px",
                                            "top": "0",
                                            "right": "30",
                                            "bottom": "0",
                                            "left": "30",
                                            "isLinked": false
                                        },
                                        "animation": "fadeIn",
                                        "animation_delay": 200,
                                        "padding_mobile": {
                                            "unit": "px",
                                            "top": "0",
                                            "right": "30",
                                            "bottom": "50",
                                            "left": "30",
                                            "isLinked": false
                                        }
                                    },
                                    "elements": [
                                        {
                                            "id": "271c8b84",
                                            "settings": {
                                                "ending_number": 97,
                                                "suffix": "%",
                                                "title": "",
                                                "__globals__": {
                                                    "number_color": "globals\/colors?id=primary",
                                                    "typography_number_typography": "globals\/typography?id=primary"
                                                }
                                            },
                                            "elements": [],
                                            "isInner": false,
                                            "widgetType": "counter",
                                            "elType": "widget"
                                        },
                                        {
                                            "id": "7cd3df2f",
                                            "settings": {
                                                "width": {
                                                    "unit": "px",
                                                    "size": 60,
                                                    "sizes": []
                                                },
                                                "text": "Divider",
                                                "weight": {
                                                    "unit": "px",
                                                    "size": 3,
                                                    "sizes": []
                                                },
                                                "__globals__": {
                                                    "color": "globals\/colors?id=99b82ae"
                                                },
                                                "align": "center"
                                            },
                                            "elements": [],
                                            "isInner": false,
                                            "widgetType": "divider",
                                            "elType": "widget"
                                        },
                                        {
                                            "id": "46024998",
                                            "settings": {
                                                "title": "of users say our content helped in their careers",
                                                "header_size": "h6",
                                                "align": "center",
                                                "__globals__": {
                                                    "title_color": "globals\/colors?id=bffb171"
                                                }
                                            },
                                            "elements": [],
                                            "isInner": false,
                                            "widgetType": "heading",
                                            "elType": "widget"
                                        }
                                    ],
                                    "isInner": true,
                                    "elType": "column"
                                },
                                {
                                    "id": "198c6140",
                                    "settings": {
                                        "_column_size": 33,
                                        "_inline_size": null,
                                        "margin": {
                                            "unit": "px",
                                            "top": "0",
                                            "right": "0",
                                            "bottom": "0",
                                            "left": "0",
                                            "isLinked": false
                                        },
                                        "padding": {
                                            "unit": "px",
                                            "top": "0",
                                            "right": "30",
                                            "bottom": "0",
                                            "left": "30",
                                            "isLinked": false
                                        },
                                        "animation": "fadeIn",
                                        "animation_delay": 400,
                                        "padding_mobile": {
                                            "unit": "px",
                                            "top": "0",
                                            "right": "30",
                                            "bottom": "0",
                                            "left": "30",
                                            "isLinked": false
                                        }
                                    },
                                    "elements": [
                                        {
                                            "id": "28380e73",
                                            "settings": {
                                                "suffix": "+",
                                                "title": "",
                                                "__globals__": {
                                                    "number_color": "globals\/colors?id=primary",
                                                    "typography_number_typography": "globals\/typography?id=primary"
                                                }
                                            },
                                            "elements": [],
                                            "isInner": false,
                                            "widgetType": "counter",
                                            "elType": "widget"
                                        },
                                        {
                                            "id": "3817f371",
                                            "settings": {
                                                "width": {
                                                    "unit": "px",
                                                    "size": 60,
                                                    "sizes": []
                                                },
                                                "text": "Divider",
                                                "weight": {
                                                    "unit": "px",
                                                    "size": 3,
                                                    "sizes": []
                                                },
                                                "__globals__": {
                                                    "color": "globals\/colors?id=99b82ae"
                                                },
                                                "align": "center"
                                            },
                                            "elements": [],
                                            "isInner": false,
                                            "widgetType": "divider",
                                            "elType": "widget"
                                        },
                                        {
                                            "id": "7044fc21",
                                            "settings": {
                                                "title": "we offer more than 100 industrial certification",
                                                "header_size": "h6",
                                                "align": "center",
                                                "__globals__": {
                                                    "title_color": "globals\/colors?id=bffb171"
                                                }
                                            },
                                            "elements": [],
                                            "isInner": false,
                                            "widgetType": "heading",
                                            "elType": "widget"
                                        }
                                    ],
                                    "isInner": true,
                                    "elType": "column"
                                }
                            ],
                            "isInner": true,
                            "elType": "section"
                        }
                    ],
                    "isInner": false,
                    "elType": "column"
                }
            ],
            "isInner": false,
            "elType": "section"
        }
    ],
    "page_settings": {
        "eael_ext_toc_title": "Table of Contents"
    }
}