{
    "version": "0.4",
    "title": "Block &#8211; Feature Boxes",
    "type": "section",
    "metadata": {
        "template_type": "section-features",
        "include_in_zip": "1",
        "elementor_pro_required": null,
        "wp_page_template": "default"
    },
    "content": [
        {
            "id": "45e0289f",
            "settings": {
                "margin": {
                    "unit": "px",
                    "top": "0",
                    "right": 0,
                    "bottom": "0",
                    "left": 0,
                    "isLinked": false
                },
                "padding": {
                    "unit": "px",
                    "top": "100",
                    "right": "0",
                    "bottom": "0",
                    "left": "0",
                    "isLinked": false
                },
                "_title": "**Remove after Import**"
            },
            "elements": [
                {
                    "id": "66d77493",
                    "settings": {
                        "_column_size": 100,
                        "_inline_size": null
                    },
                    "elements": [],
                    "isInner": false,
                    "elType": "column"
                }
            ],
            "isInner": false,
            "elType": "section"
        },
        {
            "id": "76d40149",
            "settings": {
                "margin": {
                    "unit": "px",
                    "top": "0",
                    "right": 0,
                    "bottom": "0",
                    "left": 0,
                    "isLinked": false
                },
                "padding": {
                    "unit": "px",
                    "top": "50",
                    "right": "0",
                    "bottom": "50",
                    "left": "0",
                    "isLinked": false
                },
                "background_background": "classic",
                "__globals__": {
                    "background_color": "globals\/colors?id=99b82ae",
                    "shape_divider_top_color": "globals\/colors?id=bffb171",
                    "shape_divider_bottom_color": "globals\/colors?id=bffb171"
                },
                "_title": "Feature Boxes",
                "shape_divider_top": "waves",
                "shape_divider_top_width": {
                    "unit": "%",
                    "size": 200,
                    "sizes": []
                },
                "shape_divider_top_height": {
                    "unit": "px",
                    "size": 25,
                    "sizes": []
                },
                "shape_divider_bottom": "waves",
                "shape_divider_bottom_width": {
                    "unit": "%",
                    "size": 200,
                    "sizes": []
                },
                "shape_divider_bottom_height": {
                    "unit": "px",
                    "size": 25,
                    "sizes": []
                },
                "padding_tablet": {
                    "unit": "px",
                    "top": "40",
                    "right": "0",
                    "bottom": "40",
                    "left": "0",
                    "isLinked": false
                },
                "padding_mobile": {
                    "unit": "px",
                    "top": "90",
                    "right": "0",
                    "bottom": "90",
                    "left": "0",
                    "isLinked": false
                }
            },
            "elements": [
                {
                    "id": "19fa9b36",
                    "settings": {
                        "_column_size": 100,
                        "_inline_size": null,
                        "margin": {
                            "unit": "px",
                            "top": "0",
                            "right": "0",
                            "bottom": "0",
                            "left": "0",
                            "isLinked": false
                        },
                        "padding": {
                            "unit": "px",
                            "top": "0",
                            "right": "0",
                            "bottom": "0",
                            "left": "0",
                            "isLinked": false
                        }
                    },
                    "elements": [
                        {
                            "id": "2f3d954f",
                            "settings": {
                                "structure": "30",
                                "margin": {
                                    "unit": "px",
                                    "top": "0",
                                    "right": 0,
                                    "bottom": "0",
                                    "left": 0,
                                    "isLinked": false
                                },
                                "padding": {
                                    "unit": "px",
                                    "top": "0",
                                    "right": "0",
                                    "bottom": "0",
                                    "left": "0",
                                    "isLinked": false
                                }
                            },
                            "elements": [
                                {
                                    "id": "42b72826",
                                    "settings": {
                                        "_column_size": 33,
                                        "_inline_size": null,
                                        "background_background": "classic",
                                        "border_radius": {
                                            "unit": "px",
                                            "top": "10",
                                            "right": "10",
                                            "bottom": "10",
                                            "left": "10",
                                            "isLinked": true
                                        },
                                        "box_shadow_box_shadow_type": "yes",
                                        "box_shadow_box_shadow": {
                                            "horizontal": 0,
                                            "vertical": 0,
                                            "blur": 10,
                                            "spread": 0,
                                            "color": "rgba(0, 0, 0, 0.1)"
                                        },
                                        "margin": {
                                            "unit": "px",
                                            "top": "0",
                                            "right": "30",
                                            "bottom": "0",
                                            "left": "0",
                                            "isLinked": false
                                        },
                                        "padding": {
                                            "unit": "px",
                                            "top": "50",
                                            "right": "30",
                                            "bottom": "50",
                                            "left": "30",
                                            "isLinked": false
                                        },
                                        "__globals__": {
                                            "background_color": "globals\/colors?id=bffb171"
                                        },
                                        "animation": "fadeInLeft",
                                        "animation_delay": 200,
                                        "margin_tablet": {
                                            "unit": "px",
                                            "top": "0",
                                            "right": "20",
                                            "bottom": "0",
                                            "left": "20",
                                            "isLinked": false
                                        },
                                        "padding_tablet": {
                                            "unit": "px",
                                            "top": "40",
                                            "right": "20",
                                            "bottom": "40",
                                            "left": "20",
                                            "isLinked": false
                                        },
                                        "margin_mobile": {
                                            "unit": "px",
                                            "top": "0",
                                            "right": "30",
                                            "bottom": "30",
                                            "left": "30",
                                            "isLinked": false
                                        },
                                        "padding_mobile": {
                                            "unit": "px",
                                            "top": "30",
                                            "right": "20",
                                            "bottom": "30",
                                            "left": "20",
                                            "isLinked": false
                                        }
                                    },
                                    "elements": [
                                        {
                                            "id": "461d442a",
                                            "settings": {
                                                "selected_icon": {
                                                    "value": "fas fa-medal",
                                                    "library": "fa-solid"
                                                },
                                                "view": "stacked",
                                                "size": {
                                                    "unit": "px",
                                                    "size": 32,
                                                    "sizes": []
                                                },
                                                "__globals__": {
                                                    "primary_color": "globals\/colors?id=primary",
                                                    "hover_primary_color": "globals\/colors?id=primary",
                                                    "hover_secondary_color": "globals\/colors?id=bffb171",
                                                    "secondary_color": "globals\/colors?id=bffb171"
                                                }
                                            },
                                            "elements": [],
                                            "isInner": false,
                                            "widgetType": "icon",
                                            "elType": "widget"
                                        },
                                        {
                                            "id": "4e8ddccb",
                                            "settings": {
                                                "space": {
                                                    "unit": "px",
                                                    "size": 10,
                                                    "sizes": []
                                                }
                                            },
                                            "elements": [],
                                            "isInner": false,
                                            "widgetType": "spacer",
                                            "elType": "widget"
                                        },
                                        {
                                            "id": "10cff80d",
                                            "settings": {
                                                "title": "Certifiably awesome",
                                                "__globals__": {
                                                    "title_color": "globals\/colors?id=text"
                                                },
                                                "header_size": "h5",
                                                "align": "center"
                                            },
                                            "elements": [],
                                            "isInner": false,
                                            "widgetType": "heading",
                                            "elType": "widget"
                                        },
                                        {
                                            "id": "3e23bb01",
                                            "settings": {
                                                "space": {
                                                    "unit": "px",
                                                    "size": 30,
                                                    "sizes": []
                                                },
                                                "space_mobile": {
                                                    "unit": "px",
                                                    "size": 20,
                                                    "sizes": []
                                                }
                                            },
                                            "elements": [],
                                            "isInner": false,
                                            "widgetType": "spacer",
                                            "elType": "widget"
                                        },
                                        {
                                            "id": "20ba0fa0",
                                            "settings": {
                                                "editor": "Phasellus in malesuada sapien. Suspendisse enim erat, pellentesque a facilisis eget, tincidunt ut justo.",
                                                "align": "center",
                                                "typography_font_family": "Rubik",
                                                "typography_font_weight": "400",
                                                "typography_line_height": {
                                                    "unit": "em",
                                                    "size": 1,
                                                    "sizes": []
                                                },
                                                "__globals__": {
                                                    "text_color": "globals\/colors?id=accent",
                                                    "typography_typography": ""
                                                }
                                            },
                                            "elements": [],
                                            "isInner": false,
                                            "widgetType": "text-editor",
                                            "elType": "widget"
                                        }
                                    ],
                                    "isInner": true,
                                    "elType": "column"
                                },
                                {
                                    "id": "7426205b",
                                    "settings": {
                                        "_column_size": 33,
                                        "_inline_size": null,
                                        "background_background": "gradient",
                                        "border_radius": {
                                            "unit": "px",
                                            "top": "10",
                                            "right": "10",
                                            "bottom": "10",
                                            "left": "10",
                                            "isLinked": true
                                        },
                                        "box_shadow_box_shadow_type": "yes",
                                        "box_shadow_box_shadow": {
                                            "horizontal": 0,
                                            "vertical": 0,
                                            "blur": 10,
                                            "spread": 0,
                                            "color": "rgba(0, 0, 0, 0.1)"
                                        },
                                        "margin": {
                                            "unit": "px",
                                            "top": "-100",
                                            "right": "10",
                                            "bottom": "0",
                                            "left": "10",
                                            "isLinked": false
                                        },
                                        "padding": {
                                            "unit": "px",
                                            "top": "50",
                                            "right": "30",
                                            "bottom": "50",
                                            "left": "30",
                                            "isLinked": false
                                        },
                                        "__globals__": {
                                            "background_color": "globals\/colors?id=primary",
                                            "background_color_b": "globals\/colors?id=text"
                                        },
                                        "content_position": "center",
                                        "animation": "fadeIn",
                                        "margin_tablet": {
                                            "unit": "px",
                                            "top": "-80",
                                            "right": "0",
                                            "bottom": "0",
                                            "left": "0",
                                            "isLinked": false
                                        },
                                        "padding_tablet": {
                                            "unit": "px",
                                            "top": "40",
                                            "right": "20",
                                            "bottom": "40",
                                            "left": "20",
                                            "isLinked": false
                                        },
                                        "margin_mobile": {
                                            "unit": "px",
                                            "top": "0",
                                            "right": "30",
                                            "bottom": "30",
                                            "left": "30",
                                            "isLinked": false
                                        },
                                        "padding_mobile": {
                                            "unit": "px",
                                            "top": "30",
                                            "right": "20",
                                            "bottom": "30",
                                            "left": "20",
                                            "isLinked": false
                                        }
                                    },
                                    "elements": [
                                        {
                                            "id": "7e0df909",
                                            "settings": {
                                                "selected_icon": {
                                                    "value": "fas fa-laptop-code",
                                                    "library": "fa-solid"
                                                },
                                                "view": "stacked",
                                                "size": {
                                                    "unit": "px",
                                                    "size": 32,
                                                    "sizes": []
                                                },
                                                "__globals__": {
                                                    "primary_color": "globals\/colors?id=bffb171",
                                                    "hover_primary_color": "globals\/colors?id=bffb171",
                                                    "hover_secondary_color": "globals\/colors?id=primary",
                                                    "secondary_color": "globals\/colors?id=primary"
                                                }
                                            },
                                            "elements": [],
                                            "isInner": false,
                                            "widgetType": "icon",
                                            "elType": "widget"
                                        },
                                        {
                                            "id": "28ee80bf",
                                            "settings": {
                                                "space": {
                                                    "unit": "px",
                                                    "size": 10,
                                                    "sizes": []
                                                }
                                            },
                                            "elements": [],
                                            "isInner": false,
                                            "widgetType": "spacer",
                                            "elType": "widget"
                                        },
                                        {
                                            "id": "43a4e1d9",
                                            "settings": {
                                                "title": "Build skills your way",
                                                "__globals__": {
                                                    "title_color": "globals\/colors?id=bffb171"
                                                },
                                                "header_size": "h5",
                                                "align": "center"
                                            },
                                            "elements": [],
                                            "isInner": false,
                                            "widgetType": "heading",
                                            "elType": "widget"
                                        },
                                        {
                                            "id": "6496df",
                                            "settings": {
                                                "space": {
                                                    "unit": "px",
                                                    "size": 30,
                                                    "sizes": []
                                                },
                                                "space_mobile": {
                                                    "unit": "px",
                                                    "size": 20,
                                                    "sizes": []
                                                }
                                            },
                                            "elements": [],
                                            "isInner": false,
                                            "widgetType": "spacer",
                                            "elType": "widget"
                                        },
                                        {
                                            "id": "744485ac",
                                            "settings": {
                                                "editor": "Aenean cursus metus ac nulla eleifend, quis tristique nibh laoreet. Cras nec eros id sem gravida condimentum quis vitae odio.",
                                                "align": "center",
                                                "text_color": "#FFFFFF",
                                                "__globals__": {
                                                    "text_color": "globals\/colors?id=bffb171",
                                                    "typography_typography": "globals\/typography?id=secondary"
                                                }
                                            },
                                            "elements": [],
                                            "isInner": false,
                                            "widgetType": "text-editor",
                                            "elType": "widget"
                                        },
                                        {
                                            "id": "3f5149f3",
                                            "settings": {
                                                "space": {
                                                    "unit": "px",
                                                    "size": 30,
                                                    "sizes": []
                                                },
                                                "space_mobile": {
                                                    "unit": "px",
                                                    "size": 20,
                                                    "sizes": []
                                                }
                                            },
                                            "elements": [],
                                            "isInner": false,
                                            "widgetType": "spacer",
                                            "elType": "widget"
                                        },
                                        {
                                            "id": "706414fe",
                                            "settings": {
                                                "text": "Know More",
                                                "align": "center",
                                                "icon_indent": {
                                                    "unit": "px",
                                                    "size": 0,
                                                    "sizes": []
                                                },
                                                "button_background_hover_color": "#FFFFFF",
                                                "border_radius": {
                                                    "unit": "px",
                                                    "top": "100",
                                                    "right": "100",
                                                    "bottom": "100",
                                                    "left": "100",
                                                    "isLinked": true
                                                },
                                                "text_padding": {
                                                    "unit": "px",
                                                    "top": "20",
                                                    "right": "50",
                                                    "bottom": "20",
                                                    "left": "50",
                                                    "isLinked": false
                                                },
                                                "__globals__": {
                                                    "background_color": "globals\/colors?id=7a682e9",
                                                    "button_text_color": "globals\/colors?id=bffb171",
                                                    "button_background_hover_color": "globals\/colors?id=bffb171",
                                                    "hover_color": "globals\/colors?id=primary"
                                                },
                                                "text_padding_tablet": {
                                                    "unit": "px",
                                                    "top": "20",
                                                    "right": "40",
                                                    "bottom": "20",
                                                    "left": "40",
                                                    "isLinked": false
                                                }
                                            },
                                            "elements": [],
                                            "isInner": false,
                                            "widgetType": "button",
                                            "elType": "widget"
                                        }
                                    ],
                                    "isInner": true,
                                    "elType": "column"
                                },
                                {
                                    "id": "177d8bc9",
                                    "settings": {
                                        "_column_size": 33,
                                        "_inline_size": null,
                                        "background_background": "classic",
                                        "border_radius": {
                                            "unit": "px",
                                            "top": "10",
                                            "right": "10",
                                            "bottom": "10",
                                            "left": "10",
                                            "isLinked": true
                                        },
                                        "box_shadow_box_shadow_type": "yes",
                                        "box_shadow_box_shadow": {
                                            "horizontal": 0,
                                            "vertical": 0,
                                            "blur": 10,
                                            "spread": 0,
                                            "color": "rgba(0, 0, 0, 0.1)"
                                        },
                                        "margin": {
                                            "unit": "px",
                                            "top": "0",
                                            "right": "0",
                                            "bottom": "0",
                                            "left": "30",
                                            "isLinked": false
                                        },
                                        "padding": {
                                            "unit": "px",
                                            "top": "50",
                                            "right": "30",
                                            "bottom": "50",
                                            "left": "30",
                                            "isLinked": false
                                        },
                                        "__globals__": {
                                            "background_color": "globals\/colors?id=bffb171"
                                        },
                                        "animation": "fadeInRight",
                                        "animation_delay": 400,
                                        "margin_tablet": {
                                            "unit": "px",
                                            "top": "0",
                                            "right": "20",
                                            "bottom": "0",
                                            "left": "20",
                                            "isLinked": false
                                        },
                                        "padding_tablet": {
                                            "unit": "px",
                                            "top": "40",
                                            "right": "20",
                                            "bottom": "40",
                                            "left": "20",
                                            "isLinked": false
                                        },
                                        "margin_mobile": {
                                            "unit": "px",
                                            "top": "0",
                                            "right": "30",
                                            "bottom": "0",
                                            "left": "30",
                                            "isLinked": false
                                        },
                                        "padding_mobile": {
                                            "unit": "px",
                                            "top": "30",
                                            "right": "20",
                                            "bottom": "30",
                                            "left": "20",
                                            "isLinked": false
                                        }
                                    },
                                    "elements": [
                                        {
                                            "id": "64a70468",
                                            "settings": {
                                                "selected_icon": {
                                                    "value": "fas fa-cloud-download-alt",
                                                    "library": "fa-solid"
                                                },
                                                "view": "stacked",
                                                "size": {
                                                    "unit": "px",
                                                    "size": 32,
                                                    "sizes": []
                                                },
                                                "__globals__": {
                                                    "primary_color": "globals\/colors?id=primary",
                                                    "hover_primary_color": "globals\/colors?id=primary",
                                                    "hover_secondary_color": "globals\/colors?id=bffb171",
                                                    "secondary_color": "globals\/colors?id=bffb171"
                                                }
                                            },
                                            "elements": [],
                                            "isInner": false,
                                            "widgetType": "icon",
                                            "elType": "widget"
                                        },
                                        {
                                            "id": "37d67ef3",
                                            "settings": {
                                                "space": {
                                                    "unit": "px",
                                                    "size": 10,
                                                    "sizes": []
                                                }
                                            },
                                            "elements": [],
                                            "isInner": false,
                                            "widgetType": "spacer",
                                            "elType": "widget"
                                        },
                                        {
                                            "id": "3463b71e",
                                            "settings": {
                                                "title": "Cloud habitable",
                                                "__globals__": {
                                                    "title_color": "globals\/colors?id=text"
                                                },
                                                "header_size": "h5",
                                                "align": "center"
                                            },
                                            "elements": [],
                                            "isInner": false,
                                            "widgetType": "heading",
                                            "elType": "widget"
                                        },
                                        {
                                            "id": "3963cc15",
                                            "settings": {
                                                "space": {
                                                    "unit": "px",
                                                    "size": 30,
                                                    "sizes": []
                                                },
                                                "space_mobile": {
                                                    "unit": "px",
                                                    "size": 20,
                                                    "sizes": []
                                                }
                                            },
                                            "elements": [],
                                            "isInner": false,
                                            "widgetType": "spacer",
                                            "elType": "widget"
                                        },
                                        {
                                            "id": "4e24b5dd",
                                            "settings": {
                                                "editor": "Etiam vestibulum efficitur convallis. Sed sollicitudin arcu vel ligula lobortis, sit amet molestie arcu tempor.",
                                                "align": "center",
                                                "typography_font_family": "Rubik",
                                                "typography_font_weight": "400",
                                                "typography_line_height": {
                                                    "unit": "em",
                                                    "size": 1,
                                                    "sizes": []
                                                },
                                                "__globals__": {
                                                    "text_color": "globals\/colors?id=accent",
                                                    "typography_typography": ""
                                                }
                                            },
                                            "elements": [],
                                            "isInner": false,
                                            "widgetType": "text-editor",
                                            "elType": "widget"
                                        }
                                    ],
                                    "isInner": true,
                                    "elType": "column"
                                }
                            ],
                            "isInner": true,
                            "elType": "section"
                        }
                    ],
                    "isInner": false,
                    "elType": "column"
                }
            ],
            "isInner": false,
            "elType": "section"
        }
    ],
    "page_settings": {
        "eael_ext_toc_title": "Table of Contents"
    }
}