{
    "version": "0.4",
    "title": "Page \u2013 FAQ",
    "type": "page",
    "metadata": {
        "template_type": "single-page",
        "include_in_zip": "1",
        "elementor_pro_required": null,
        "wp_page_template": "default"
    },
    "content": [
        {
            "id": "25014a5d",
            "settings": {
                "background_background": "classic",
                "background_image": {
                    "url": "https:\/\/a.catand.us\/akademy\/wp-content\/uploads\/sites\/15\/2021\/08\/designer-desk-space-for-designers-color-charts-mod-98GQ7NT.jpg",
                    "id": 1034,
                    "alt": "",
                    "source": "library"
                },
                "background_position": "center center",
                "background_attachment": "fixed",
                "background_repeat": "no-repeat",
                "background_size": "cover",
                "background_overlay_background": "classic",
                "margin": {
                    "unit": "px",
                    "top": "-105",
                    "right": 0,
                    "bottom": "0",
                    "left": 0,
                    "isLinked": false
                },
                "padding": {
                    "unit": "px",
                    "top": "150",
                    "right": "0",
                    "bottom": "50",
                    "left": "0",
                    "isLinked": false
                },
                "background_overlay_opacity": {
                    "unit": "px",
                    "size": 0.75,
                    "sizes": []
                },
                "__globals__": {
                    "background_overlay_color": "globals\/colors?id=text",
                    "shape_divider_bottom_color": "globals\/colors?id=bffb171"
                },
                "_title": "Banner",
                "structure": "20",
                "shape_divider_bottom": "waves",
                "shape_divider_bottom_width": {
                    "unit": "%",
                    "size": 200,
                    "sizes": []
                },
                "shape_divider_bottom_height": {
                    "unit": "px",
                    "size": 50,
                    "sizes": []
                },
                "shape_divider_bottom_flip": "yes",
                "margin_tablet": {
                    "unit": "px",
                    "top": "-105",
                    "right": 0,
                    "bottom": "0",
                    "left": 0,
                    "isLinked": false
                },
                "padding_tablet": {
                    "unit": "px",
                    "top": "150",
                    "right": "0",
                    "bottom": "50",
                    "left": "0",
                    "isLinked": false
                },
                "margin_mobile": {
                    "unit": "px",
                    "top": "-150",
                    "right": 0,
                    "bottom": "0",
                    "left": 0,
                    "isLinked": false
                },
                "padding_mobile": {
                    "unit": "px",
                    "top": "200",
                    "right": "0",
                    "bottom": "40",
                    "left": "0",
                    "isLinked": false
                }
            },
            "elements": [
                {
                    "id": "2de8ce61",
                    "settings": {
                        "_column_size": 50,
                        "_inline_size": 65,
                        "margin": {
                            "unit": "px",
                            "top": "0",
                            "right": "0",
                            "bottom": "0",
                            "left": "0",
                            "isLinked": false
                        },
                        "padding": {
                            "unit": "px",
                            "top": "70",
                            "right": "0",
                            "bottom": "0",
                            "left": "0",
                            "isLinked": false
                        },
                        "_inline_size_tablet": 60,
                        "padding_tablet": {
                            "unit": "px",
                            "top": "60",
                            "right": "0",
                            "bottom": "0",
                            "left": "30",
                            "isLinked": false
                        },
                        "_inline_size_mobile": 100,
                        "padding_mobile": {
                            "unit": "px",
                            "top": "0",
                            "right": "30",
                            "bottom": "0",
                            "left": "30",
                            "isLinked": false
                        }
                    },
                    "elements": [
                        {
                            "id": "604e8d0f",
                            "settings": {
                                "title": "Frequently",
                                "header_size": "h1",
                                "__globals__": {
                                    "title_color": "globals\/colors?id=primary"
                                },
                                "_animation": "fadeInLeft",
                                "align_mobile": "center"
                            },
                            "elements": [],
                            "isInner": false,
                            "widgetType": "heading",
                            "elType": "widget"
                        },
                        {
                            "id": "700d48f1",
                            "settings": {
                                "title": "Questions",
                                "header_size": "h1",
                                "title_color": "#FFFFFF",
                                "typography_font_family": "Rubik",
                                "typography_font_weight": "500",
                                "typography_line_height": {
                                    "unit": "em",
                                    "size": 1,
                                    "sizes": []
                                },
                                "__globals__": {
                                    "title_color": "globals\/colors?id=bffb171",
                                    "typography_typography": ""
                                },
                                "_animation": "fadeInLeft",
                                "_animation_delay": 200,
                                "align_mobile": "center"
                            },
                            "elements": [],
                            "isInner": false,
                            "widgetType": "heading",
                            "elType": "widget"
                        },
                        {
                            "id": "5511ee94",
                            "settings": {
                                "width": {
                                    "unit": "px",
                                    "size": 80,
                                    "sizes": []
                                },
                                "text": "Divider",
                                "weight": {
                                    "unit": "px",
                                    "size": 3,
                                    "sizes": []
                                },
                                "gap": {
                                    "unit": "px",
                                    "size": 20,
                                    "sizes": []
                                },
                                "__globals__": {
                                    "color": "globals\/colors?id=bffb171"
                                },
                                "align_mobile": "center",
                                "_animation": "fadeInLeft",
                                "_animation_delay": 400
                            },
                            "elements": [],
                            "isInner": false,
                            "widgetType": "divider",
                            "elType": "widget"
                        }
                    ],
                    "isInner": false,
                    "elType": "column"
                },
                {
                    "id": "6a3200f4",
                    "settings": {
                        "_column_size": 50,
                        "_inline_size": 35,
                        "margin": {
                            "unit": "px",
                            "top": "0",
                            "right": "0",
                            "bottom": "-80",
                            "left": "50",
                            "isLinked": false
                        },
                        "padding": {
                            "unit": "px",
                            "top": "50",
                            "right": "50",
                            "bottom": "40",
                            "left": "50",
                            "isLinked": false
                        },
                        "align": "center",
                        "background_background": "gradient",
                        "background_gradient_angle": {
                            "unit": "deg",
                            "size": 160,
                            "sizes": []
                        },
                        "border_radius": {
                            "unit": "px",
                            "top": "10",
                            "right": "10",
                            "bottom": "10",
                            "left": "10",
                            "isLinked": true
                        },
                        "box_shadow_box_shadow_type": "yes",
                        "box_shadow_box_shadow": {
                            "horizontal": 0,
                            "vertical": 0,
                            "blur": 10,
                            "spread": 0,
                            "color": "rgba(0, 0, 0, 0.3)"
                        },
                        "z_index": 9,
                        "__globals__": {
                            "background_color": "globals\/colors?id=primary",
                            "background_color_b": "globals\/colors?id=text"
                        },
                        "animation": "fadeInRight",
                        "animation_delay": 600,
                        "_inline_size_tablet": 40,
                        "background_gradient_position": "top left",
                        "margin_tablet": {
                            "unit": "px",
                            "top": "0",
                            "right": "20",
                            "bottom": "-70",
                            "left": "20",
                            "isLinked": false
                        },
                        "padding_tablet": {
                            "unit": "px",
                            "top": "40",
                            "right": "30",
                            "bottom": "30",
                            "left": "30",
                            "isLinked": false
                        },
                        "_inline_size_mobile": 100,
                        "background_color_stop": {
                            "unit": "%",
                            "size": 5,
                            "sizes": []
                        },
                        "background_color_b": "#25356F",
                        "margin_mobile": {
                            "unit": "px",
                            "top": "30",
                            "right": "30",
                            "bottom": "-60",
                            "left": "30",
                            "isLinked": false
                        },
                        "padding_mobile": {
                            "unit": "px",
                            "top": "40",
                            "right": "20",
                            "bottom": "30",
                            "left": "20",
                            "isLinked": false
                        }
                    },
                    "elements": [
                        {
                            "id": "571684f2",
                            "settings": {
                                "title": "Membership",
                                "header_size": "h3",
                                "align": "center",
                                "title_color": "#FFFFFF",
                                "typography_font_family": "Comfortaa",
                                "typography_font_weight": "700",
                                "_margin": {
                                    "unit": "px",
                                    "top": "0",
                                    "right": "0",
                                    "bottom": "0",
                                    "left": "0",
                                    "isLinked": false
                                },
                                "_padding": {
                                    "unit": "px",
                                    "top": "0",
                                    "right": "0",
                                    "bottom": "0",
                                    "left": "0",
                                    "isLinked": false
                                },
                                "__globals__": {
                                    "title_color": "globals\/colors?id=bffb171",
                                    "typography_typography": ""
                                }
                            },
                            "elements": [],
                            "isInner": false,
                            "widgetType": "heading",
                            "elType": "widget"
                        },
                        {
                            "id": "f17bc3a",
                            "settings": {
                                "width": {
                                    "unit": "px",
                                    "size": 80,
                                    "sizes": []
                                },
                                "align": "center",
                                "text": "Divider",
                                "weight": {
                                    "unit": "px",
                                    "size": 3,
                                    "sizes": []
                                },
                                "gap": {
                                    "unit": "px",
                                    "size": 20,
                                    "sizes": []
                                },
                                "__globals__": {
                                    "color": "globals\/colors?id=7a682e9"
                                }
                            },
                            "elements": [],
                            "isInner": false,
                            "widgetType": "divider",
                            "elType": "widget"
                        },
                        {
                            "id": "caa3bec",
                            "settings": {
                                "title": "$49",
                                "header_size": "h1",
                                "title_color": "#FFFFFF",
                                "typography_font_family": "Rubik",
                                "typography_font_weight": "500",
                                "typography_line_height": {
                                    "unit": "em",
                                    "size": 1,
                                    "sizes": []
                                },
                                "__globals__": {
                                    "title_color": "globals\/colors?id=bffb171",
                                    "typography_typography": ""
                                },
                                "_animation": "fadeInLeft",
                                "_animation_delay": 200,
                                "align": "center"
                            },
                            "elements": [],
                            "isInner": false,
                            "widgetType": "heading",
                            "elType": "widget"
                        },
                        {
                            "id": "12e14b6",
                            "settings": {
                                "space": {
                                    "unit": "px",
                                    "size": 15,
                                    "sizes": []
                                }
                            },
                            "elements": [],
                            "isInner": false,
                            "widgetType": "spacer",
                            "elType": "widget"
                        },
                        {
                            "id": "e943dbb",
                            "settings": {
                                "title": "Per Month",
                                "header_size": "h5",
                                "align": "center",
                                "title_color": "#FFFFFF",
                                "typography_font_family": "Rubik",
                                "typography_font_weight": "700",
                                "typography_line_height": {
                                    "unit": "em",
                                    "size": 1,
                                    "sizes": []
                                },
                                "_margin": {
                                    "unit": "px",
                                    "top": "0",
                                    "right": "0",
                                    "bottom": "0",
                                    "left": "0",
                                    "isLinked": false
                                },
                                "_padding": {
                                    "unit": "px",
                                    "top": "0",
                                    "right": "0",
                                    "bottom": "0",
                                    "left": "0",
                                    "isLinked": false
                                },
                                "__globals__": {
                                    "title_color": "globals\/colors?id=bffb171",
                                    "typography_typography": ""
                                }
                            },
                            "elements": [],
                            "isInner": false,
                            "widgetType": "heading",
                            "elType": "widget"
                        },
                        {
                            "id": "53cef1ca",
                            "settings": {
                                "space": {
                                    "unit": "px",
                                    "size": 5,
                                    "sizes": []
                                }
                            },
                            "elements": [],
                            "isInner": false,
                            "widgetType": "spacer",
                            "elType": "widget"
                        },
                        {
                            "id": "4b0cb89a",
                            "settings": {
                                "title": "All Courses Access",
                                "header_size": "div",
                                "align": "center",
                                "title_color": "#FFFFFF",
                                "typography_font_family": "Rubik",
                                "typography_font_weight": "700",
                                "typography_line_height": {
                                    "unit": "em",
                                    "size": 1,
                                    "sizes": []
                                },
                                "_margin": {
                                    "unit": "px",
                                    "top": "0",
                                    "right": "0",
                                    "bottom": "0",
                                    "left": "0",
                                    "isLinked": false
                                },
                                "_padding": {
                                    "unit": "px",
                                    "top": "0",
                                    "right": "0",
                                    "bottom": "0",
                                    "left": "0",
                                    "isLinked": false
                                },
                                "__globals__": {
                                    "title_color": "globals\/colors?id=bffb171",
                                    "typography_typography": ""
                                }
                            },
                            "elements": [],
                            "isInner": false,
                            "widgetType": "heading",
                            "elType": "widget"
                        },
                        {
                            "id": "67eba99",
                            "settings": {
                                "space_mobile": {
                                    "unit": "px",
                                    "size": 30,
                                    "sizes": []
                                },
                                "space": {
                                    "unit": "px",
                                    "size": 20,
                                    "sizes": []
                                }
                            },
                            "elements": [],
                            "isInner": false,
                            "widgetType": "spacer",
                            "elType": "widget"
                        },
                        {
                            "id": "9448feb",
                            "settings": {
                                "text": "Sign Up Now",
                                "align": "justify",
                                "icon_indent": {
                                    "unit": "px",
                                    "size": 0,
                                    "sizes": []
                                },
                                "button_background_hover_color": "#00A8F1",
                                "border_radius": {
                                    "unit": "px",
                                    "top": "50",
                                    "right": "50",
                                    "bottom": "50",
                                    "left": "50",
                                    "isLinked": true
                                },
                                "text_padding": {
                                    "unit": "px",
                                    "top": "20",
                                    "right": "40",
                                    "bottom": "20",
                                    "left": "40",
                                    "isLinked": false
                                },
                                "__globals__": {
                                    "background_color": "globals\/colors?id=7a682e9",
                                    "button_text_color": "globals\/colors?id=bffb171",
                                    "button_background_hover_color": "globals\/colors?id=primary",
                                    "hover_color": "globals\/colors?id=bffb171",
                                    "typography_typography": ""
                                },
                                "typography_font_family": "Rubik",
                                "typography_font_weight": "500",
                                "button_text_color": "#FFFFFF",
                                "background_color": "#F3BD04",
                                "hover_color": "#FFFFFF"
                            },
                            "elements": [],
                            "isInner": false,
                            "widgetType": "button",
                            "elType": "widget"
                        }
                    ],
                    "isInner": false,
                    "elType": "column"
                }
            ],
            "isInner": false,
            "elType": "section"
        },
        {
            "id": "38d28e02",
            "settings": {
                "shape_divider_top_width": {
                    "unit": "%",
                    "size": 200,
                    "sizes": []
                },
                "shape_divider_top_height": {
                    "unit": "px",
                    "size": 50,
                    "sizes": []
                },
                "shape_divider_top_flip": "yes",
                "shape_divider_top_negative": "yes",
                "margin": {
                    "unit": "px",
                    "top": "0",
                    "right": 0,
                    "bottom": "0",
                    "left": 0,
                    "isLinked": false
                },
                "padding": {
                    "unit": "px",
                    "top": "150",
                    "right": "0",
                    "bottom": "150",
                    "left": "0",
                    "isLinked": false
                },
                "__globals__": {
                    "shape_divider_top_color": "globals\/colors?id=secondary"
                },
                "_title": "Text",
                "padding_tablet": {
                    "unit": "px",
                    "top": "120",
                    "right": "0",
                    "bottom": "120",
                    "left": "0",
                    "isLinked": false
                },
                "padding_mobile": {
                    "unit": "px",
                    "top": "120",
                    "right": "0",
                    "bottom": "90",
                    "left": "0",
                    "isLinked": false
                }
            },
            "elements": [
                {
                    "id": "4ed75a70",
                    "settings": {
                        "_column_size": 100,
                        "_inline_size": null,
                        "margin": {
                            "unit": "px",
                            "top": "0",
                            "right": "0",
                            "bottom": "0",
                            "left": "0",
                            "isLinked": false
                        },
                        "padding": {
                            "unit": "px",
                            "top": "0",
                            "right": "100",
                            "bottom": "0",
                            "left": "100",
                            "isLinked": false
                        },
                        "padding_tablet": {
                            "unit": "px",
                            "top": "0",
                            "right": "80",
                            "bottom": "0",
                            "left": "80",
                            "isLinked": false
                        },
                        "padding_mobile": {
                            "unit": "px",
                            "top": "0",
                            "right": "30",
                            "bottom": "0",
                            "left": "30",
                            "isLinked": false
                        }
                    },
                    "elements": [
                        {
                            "id": "45463530",
                            "settings": {
                                "title": "FAQs",
                                "__globals__": {
                                    "title_color": "globals\/colors?id=text"
                                },
                                "header_size": "h4",
                                "align": "center",
                                "_animation": "fadeIn"
                            },
                            "elements": [],
                            "isInner": false,
                            "widgetType": "heading",
                            "elType": "widget"
                        },
                        {
                            "id": "6ce87954",
                            "settings": {
                                "space": {
                                    "unit": "px",
                                    "size": 10,
                                    "sizes": []
                                }
                            },
                            "elements": [],
                            "isInner": false,
                            "widgetType": "spacer",
                            "elType": "widget"
                        },
                        {
                            "id": "76cab7ee",
                            "settings": {
                                "title": "We've got answers",
                                "__globals__": {
                                    "title_color": "globals\/colors?id=primary"
                                },
                                "align": "center",
                                "_animation": "fadeIn",
                                "_animation_delay": 200
                            },
                            "elements": [],
                            "isInner": false,
                            "widgetType": "heading",
                            "elType": "widget"
                        },
                        {
                            "id": "1a5b8b75",
                            "settings": {
                                "width": {
                                    "unit": "px",
                                    "size": 80,
                                    "sizes": []
                                },
                                "text": "Divider",
                                "weight": {
                                    "unit": "px",
                                    "size": 3,
                                    "sizes": []
                                },
                                "gap": {
                                    "unit": "px",
                                    "size": 20,
                                    "sizes": []
                                },
                                "__globals__": {
                                    "color": "globals\/colors?id=primary"
                                },
                                "align": "center",
                                "_animation": "fadeIn",
                                "_animation_delay": 400
                            },
                            "elements": [],
                            "isInner": false,
                            "widgetType": "divider",
                            "elType": "widget"
                        },
                        {
                            "id": "3282a0ea",
                            "settings": {
                                "editor": "<h6>Lorem ipsum dolor sit amet, consectetur adipiscing elit. Duis nec vehicula orci.<\/h6>",
                                "align": "center",
                                "__globals__": {
                                    "text_color": "globals\/colors?id=accent"
                                }
                            },
                            "elements": [],
                            "isInner": false,
                            "widgetType": "text-editor",
                            "elType": "widget"
                        },
                        {
                            "id": "3c6abf4c",
                            "settings": {
                                "editor": "Nam venenatis suscipit sapien. Mauris non tortor lacus. Duis nisl purus, aliquam tincidunt lacinia eu, dictum pharetra sem. Vivamus a elementum elit. Sed quis rutrum purus. Pellentesque ut sem eu nibh facilisis volutpat.",
                                "align": "center",
                                "__globals__": {
                                    "text_color": "globals\/colors?id=accent"
                                }
                            },
                            "elements": [],
                            "isInner": false,
                            "widgetType": "text-editor",
                            "elType": "widget"
                        }
                    ],
                    "isInner": false,
                    "elType": "column"
                }
            ],
            "isInner": false,
            "elType": "section"
        },
        {
            "id": "6dbf7756",
            "settings": {
                "margin": {
                    "unit": "px",
                    "top": "0",
                    "right": 0,
                    "bottom": "0",
                    "left": 0,
                    "isLinked": false
                },
                "padding": {
                    "unit": "px",
                    "top": "150",
                    "right": "0",
                    "bottom": "150",
                    "left": "0",
                    "isLinked": false
                },
                "structure": "20",
                "background_background": "classic",
                "shape_divider_top": "waves",
                "shape_divider_top_width": {
                    "unit": "%",
                    "size": 200,
                    "sizes": []
                },
                "shape_divider_top_height": {
                    "unit": "px",
                    "size": 50,
                    "sizes": []
                },
                "shape_divider_top_flip": "yes",
                "padding_tablet": {
                    "unit": "px",
                    "top": "120",
                    "right": "0",
                    "bottom": "120",
                    "left": "0",
                    "isLinked": false
                },
                "padding_mobile": {
                    "unit": "px",
                    "top": "90",
                    "right": "0",
                    "bottom": "90",
                    "left": "0",
                    "isLinked": false
                },
                "__globals__": {
                    "background_color": "globals\/colors?id=99b82ae"
                },
                "_title": "FAQ"
            },
            "elements": [
                {
                    "id": "55da07a0",
                    "settings": {
                        "_column_size": 50,
                        "_inline_size": null,
                        "margin": {
                            "unit": "px",
                            "top": "0",
                            "right": "0",
                            "bottom": "0",
                            "left": "0",
                            "isLinked": false
                        },
                        "padding": {
                            "unit": "px",
                            "top": "0",
                            "right": "20",
                            "bottom": "0",
                            "left": "0",
                            "isLinked": false
                        },
                        "padding_tablet": {
                            "unit": "px",
                            "top": "0",
                            "right": "10",
                            "bottom": "0",
                            "left": "20",
                            "isLinked": false
                        },
                        "padding_mobile": {
                            "unit": "px",
                            "top": "0",
                            "right": "30",
                            "bottom": "30",
                            "left": "30",
                            "isLinked": false
                        },
                        "animation": "fadeInLeft"
                    },
                    "elements": [
                        {
                            "id": "8a64e0a",
                            "settings": {
                                "tabs": [
                                    {
                                        "tab_title": "Which plan is best for me?",
                                        "tab_content": "Lorem ipsum dolor sit amet, consectetur adipiscing elit. Fusce ac imperdiet leo. Donec ultricies mattis maximus. Fusce et varius lorem. Suspendisse semper consequat magna. Mauris sagittis dui non augue venenatis volutpat. In in semper enim. Cras eget nibh augue. Sed non justo maximus, molestie nisi eu, pretium dolor.",
                                        "_id": "4e2c038"
                                    },
                                    {
                                        "tab_title": "Which plan is best for my team?",
                                        "tab_content": "Lorem ipsum dolor sit amet, consectetur adipiscing elit. Ut elit tellus, luctus nec ullamcorper mattis, pulvinar dapibus leo.",
                                        "_id": "257d6ac"
                                    },
                                    {
                                        "tab_title": "I want to sign up for a free 7-day trial, will I be charged?",
                                        "tab_content": "Lorem ipsum dolor sit amet, consectetur adipiscing elit. Ut elit tellus, luctus nec ullamcorper mattis, pulvinar dapibus leo.",
                                        "_id": "86488a8"
                                    },
                                    {
                                        "tab_title": "I want to study IT, where do I start?",
                                        "tab_content": "Lorem ipsum dolor sit amet, consectetur adipiscing elit. Ut elit tellus, luctus nec ullamcorper mattis, pulvinar dapibus leo.",
                                        "_id": "1a07298"
                                    },
                                    {
                                        "tab_title": "When will I be charged?",
                                        "tab_content": "Lorem ipsum dolor sit amet, consectetur adipiscing elit. Ut elit tellus, luctus nec ullamcorper mattis, pulvinar dapibus leo.",
                                        "_id": "4eb47cf"
                                    }
                                ],
                                "selected_icon": {
                                    "value": "fas fa-angle-down",
                                    "library": "fa-solid"
                                },
                                "selected_active_icon": {
                                    "value": "fas fa-angle-up",
                                    "library": "fa-solid"
                                },
                                "border_width": {
                                    "unit": "px",
                                    "size": 1,
                                    "sizes": []
                                },
                                "title_background": "#00A8F1",
                                "title_color": "#FFFFFF",
                                "icon_align": "right",
                                "content_background_color": "#FFFFFF",
                                "content_padding": {
                                    "unit": "px",
                                    "top": "20",
                                    "right": "20",
                                    "bottom": "20",
                                    "left": "20",
                                    "isLinked": true
                                },
                                "__globals__": {
                                    "border_color": "globals\/colors?id=primary",
                                    "title_background": "globals\/colors?id=primary",
                                    "title_color": "globals\/colors?id=bffb171",
                                    "content_background_color": "globals\/colors?id=bffb171",
                                    "tab_active_color": "globals\/colors?id=bffb171",
                                    "icon_color": "globals\/colors?id=bffb171",
                                    "icon_active_color": "globals\/colors?id=bffb171",
                                    "content_color": "globals\/colors?id=accent"
                                }
                            },
                            "elements": [],
                            "isInner": false,
                            "widgetType": "accordion",
                            "elType": "widget"
                        }
                    ],
                    "isInner": false,
                    "elType": "column"
                },
                {
                    "id": "dc4281f",
                    "settings": {
                        "_column_size": 50,
                        "_inline_size": null,
                        "margin": {
                            "unit": "px",
                            "top": "0",
                            "right": "0",
                            "bottom": "0",
                            "left": "0",
                            "isLinked": false
                        },
                        "padding": {
                            "unit": "px",
                            "top": "0",
                            "right": "0",
                            "bottom": "0",
                            "left": "20",
                            "isLinked": false
                        },
                        "padding_tablet": {
                            "unit": "px",
                            "top": "0",
                            "right": "20",
                            "bottom": "0",
                            "left": "10",
                            "isLinked": false
                        },
                        "padding_mobile": {
                            "unit": "px",
                            "top": "0",
                            "right": "30",
                            "bottom": "0",
                            "left": "30",
                            "isLinked": false
                        },
                        "animation": "fadeInRight",
                        "animation_delay": 200
                    },
                    "elements": [
                        {
                            "id": "5945e877",
                            "settings": {
                                "tabs": [
                                    {
                                        "tab_title": "Can I switch between plans?",
                                        "tab_content": "Lorem ipsum dolor sit amet, consectetur adipiscing elit. Ut elit tellus, luctus nec ullamcorper mattis, pulvinar dapibus leo.",
                                        "_id": "4e2c038"
                                    },
                                    {
                                        "tab_title": "What discounts are available?",
                                        "tab_content": "Lorem ipsum dolor sit amet, consectetur adipiscing elit. Ut elit tellus, luctus nec ullamcorper mattis, pulvinar dapibus leo.",
                                        "_id": "257d6ac"
                                    },
                                    {
                                        "tab_title": "Can I cancel anytime?",
                                        "tab_content": "Lorem ipsum dolor sit amet, consectetur adipiscing elit. Ut elit tellus, luctus nec ullamcorper mattis, pulvinar dapibus leo.",
                                        "_id": "5d40c8c"
                                    },
                                    {
                                        "tab_title": "Is there a free trial for the Business plans?",
                                        "tab_content": "Lorem ipsum dolor sit amet, consectetur adipiscing elit. Ut elit tellus, luctus nec ullamcorper mattis, pulvinar dapibus leo.",
                                        "_id": "b1a04bf"
                                    },
                                    {
                                        "tab_title": "Is it possible to download learning content for offline viewing?",
                                        "tab_content": "Lorem ipsum dolor sit amet, consectetur adipiscing elit. Ut elit tellus, luctus nec ullamcorper mattis, pulvinar dapibus leo.",
                                        "_id": "b497cd9"
                                    }
                                ],
                                "selected_icon": {
                                    "value": "fas fa-angle-down",
                                    "library": "fa-solid"
                                },
                                "selected_active_icon": {
                                    "value": "fas fa-angle-up",
                                    "library": "fa-solid"
                                },
                                "border_width": {
                                    "unit": "px",
                                    "size": 1,
                                    "sizes": []
                                },
                                "icon_align": "right",
                                "content_padding": {
                                    "unit": "px",
                                    "top": "20",
                                    "right": "20",
                                    "bottom": "20",
                                    "left": "20",
                                    "isLinked": true
                                },
                                "__globals__": {
                                    "border_color": "globals\/colors?id=primary",
                                    "title_background": "globals\/colors?id=bffb171",
                                    "title_color": "globals\/colors?id=primary",
                                    "content_background_color": "globals\/colors?id=bffb171",
                                    "tab_active_color": "globals\/colors?id=primary",
                                    "icon_color": "globals\/colors?id=primary",
                                    "icon_active_color": "globals\/colors?id=primary",
                                    "content_color": "globals\/colors?id=accent"
                                }
                            },
                            "elements": [],
                            "isInner": false,
                            "widgetType": "accordion",
                            "elType": "widget"
                        }
                    ],
                    "isInner": false,
                    "elType": "column"
                }
            ],
            "isInner": false,
            "elType": "section"
        }
    ],
    "page_settings": {
        "eael_ext_toc_title": "Table of Contents"
    }
}