{
    "version": "0.4",
    "title": "Page \u2013 Blog",
    "type": "page",
    "metadata": {
        "template_type": "single-page",
        "include_in_zip": "1",
        "elementor_pro_required": null,
        "wp_page_template": "default"
    },
    "content": [
        {
            "id": "65c964ce",
            "settings": {
                "background_background": "classic",
                "background_image": {
                    "url": "https:\/\/a.catand.us\/akademy\/wp-content\/uploads\/sites\/15\/2021\/08\/concluding-deal-with-coding-company-XS7RMTL.jpg",
                    "id": 1038,
                    "alt": "",
                    "source": "library"
                },
                "background_position": "center center",
                "background_attachment": "fixed",
                "background_repeat": "no-repeat",
                "background_size": "cover",
                "background_overlay_background": "classic",
                "margin": {
                    "unit": "px",
                    "top": "-105",
                    "right": 0,
                    "bottom": "0",
                    "left": 0,
                    "isLinked": false
                },
                "padding": {
                    "unit": "px",
                    "top": "150",
                    "right": "0",
                    "bottom": "50",
                    "left": "0",
                    "isLinked": false
                },
                "background_overlay_opacity": {
                    "unit": "px",
                    "size": 0.75,
                    "sizes": []
                },
                "__globals__": {
                    "background_overlay_color": "globals\/colors?id=text",
                    "shape_divider_bottom_color": "globals\/colors?id=bffb171"
                },
                "_title": "Banner",
                "structure": "20",
                "shape_divider_bottom": "waves",
                "shape_divider_bottom_width": {
                    "unit": "%",
                    "size": 200,
                    "sizes": []
                },
                "shape_divider_bottom_height": {
                    "unit": "px",
                    "size": 50,
                    "sizes": []
                },
                "shape_divider_bottom_flip": "yes",
                "margin_tablet": {
                    "unit": "px",
                    "top": "-105",
                    "right": 0,
                    "bottom": "0",
                    "left": 0,
                    "isLinked": false
                },
                "padding_tablet": {
                    "unit": "px",
                    "top": "150",
                    "right": "0",
                    "bottom": "50",
                    "left": "0",
                    "isLinked": false
                },
                "margin_mobile": {
                    "unit": "px",
                    "top": "-150",
                    "right": 0,
                    "bottom": "0",
                    "left": 0,
                    "isLinked": false
                },
                "padding_mobile": {
                    "unit": "px",
                    "top": "200",
                    "right": "0",
                    "bottom": "40",
                    "left": "0",
                    "isLinked": false
                }
            },
            "elements": [
                {
                    "id": "782492e",
                    "settings": {
                        "_column_size": 50,
                        "_inline_size": 65,
                        "margin": {
                            "unit": "px",
                            "top": "0",
                            "right": "0",
                            "bottom": "0",
                            "left": "0",
                            "isLinked": false
                        },
                        "padding": {
                            "unit": "px",
                            "top": "70",
                            "right": "0",
                            "bottom": "0",
                            "left": "0",
                            "isLinked": false
                        },
                        "_inline_size_tablet": 60,
                        "padding_tablet": {
                            "unit": "px",
                            "top": "60",
                            "right": "0",
                            "bottom": "0",
                            "left": "30",
                            "isLinked": false
                        },
                        "_inline_size_mobile": 100,
                        "padding_mobile": {
                            "unit": "px",
                            "top": "0",
                            "right": "30",
                            "bottom": "0",
                            "left": "30",
                            "isLinked": false
                        }
                    },
                    "elements": [
                        {
                            "id": "6f443adc",
                            "settings": {
                                "title": "News",
                                "header_size": "h1",
                                "__globals__": {
                                    "title_color": "globals\/colors?id=primary"
                                },
                                "_animation": "fadeInLeft",
                                "align_mobile": "center"
                            },
                            "elements": [],
                            "isInner": false,
                            "widgetType": "heading",
                            "elType": "widget"
                        },
                        {
                            "id": "29e3d2e2",
                            "settings": {
                                "title": "Update",
                                "header_size": "h1",
                                "title_color": "#FFFFFF",
                                "typography_font_family": "Rubik",
                                "typography_font_weight": "500",
                                "typography_line_height": {
                                    "unit": "em",
                                    "size": 1,
                                    "sizes": []
                                },
                                "__globals__": {
                                    "title_color": "globals\/colors?id=bffb171",
                                    "typography_typography": ""
                                },
                                "_animation": "fadeInLeft",
                                "_animation_delay": 200,
                                "align_mobile": "center"
                            },
                            "elements": [],
                            "isInner": false,
                            "widgetType": "heading",
                            "elType": "widget"
                        },
                        {
                            "id": "1cf49d2b",
                            "settings": {
                                "width": {
                                    "unit": "px",
                                    "size": 80,
                                    "sizes": []
                                },
                                "text": "Divider",
                                "weight": {
                                    "unit": "px",
                                    "size": 3,
                                    "sizes": []
                                },
                                "gap": {
                                    "unit": "px",
                                    "size": 20,
                                    "sizes": []
                                },
                                "__globals__": {
                                    "color": "globals\/colors?id=bffb171"
                                },
                                "align_mobile": "center",
                                "_animation": "fadeInLeft",
                                "_animation_delay": 400
                            },
                            "elements": [],
                            "isInner": false,
                            "widgetType": "divider",
                            "elType": "widget"
                        }
                    ],
                    "isInner": false,
                    "elType": "column"
                },
                {
                    "id": "1806a",
                    "settings": {
                        "_column_size": 50,
                        "_inline_size": 35,
                        "margin": {
                            "unit": "px",
                            "top": "0",
                            "right": "0",
                            "bottom": "-80",
                            "left": "50",
                            "isLinked": false
                        },
                        "padding": {
                            "unit": "px",
                            "top": "50",
                            "right": "50",
                            "bottom": "40",
                            "left": "50",
                            "isLinked": false
                        },
                        "align": "center",
                        "background_background": "gradient",
                        "background_gradient_angle": {
                            "unit": "deg",
                            "size": 160,
                            "sizes": []
                        },
                        "border_radius": {
                            "unit": "px",
                            "top": "10",
                            "right": "10",
                            "bottom": "10",
                            "left": "10",
                            "isLinked": true
                        },
                        "box_shadow_box_shadow_type": "yes",
                        "box_shadow_box_shadow": {
                            "horizontal": 0,
                            "vertical": 0,
                            "blur": 10,
                            "spread": 0,
                            "color": "rgba(0, 0, 0, 0.3)"
                        },
                        "z_index": 9,
                        "__globals__": {
                            "background_color": "globals\/colors?id=primary",
                            "background_color_b": "globals\/colors?id=text"
                        },
                        "animation": "fadeInRight",
                        "animation_delay": 600,
                        "_inline_size_tablet": 40,
                        "background_gradient_position": "top left",
                        "margin_tablet": {
                            "unit": "px",
                            "top": "0",
                            "right": "20",
                            "bottom": "-70",
                            "left": "20",
                            "isLinked": false
                        },
                        "padding_tablet": {
                            "unit": "px",
                            "top": "40",
                            "right": "30",
                            "bottom": "30",
                            "left": "30",
                            "isLinked": false
                        },
                        "_inline_size_mobile": 100,
                        "background_color_stop": {
                            "unit": "%",
                            "size": 5,
                            "sizes": []
                        },
                        "background_color_b": "#25356F",
                        "margin_mobile": {
                            "unit": "px",
                            "top": "30",
                            "right": "30",
                            "bottom": "-60",
                            "left": "30",
                            "isLinked": false
                        },
                        "padding_mobile": {
                            "unit": "px",
                            "top": "40",
                            "right": "20",
                            "bottom": "30",
                            "left": "20",
                            "isLinked": false
                        }
                    },
                    "elements": [
                        {
                            "id": "14c645b0",
                            "settings": {
                                "title": "Membership",
                                "header_size": "h3",
                                "align": "center",
                                "title_color": "#FFFFFF",
                                "typography_font_family": "Comfortaa",
                                "typography_font_weight": "700",
                                "_margin": {
                                    "unit": "px",
                                    "top": "0",
                                    "right": "0",
                                    "bottom": "0",
                                    "left": "0",
                                    "isLinked": false
                                },
                                "_padding": {
                                    "unit": "px",
                                    "top": "0",
                                    "right": "0",
                                    "bottom": "0",
                                    "left": "0",
                                    "isLinked": false
                                },
                                "__globals__": {
                                    "title_color": "globals\/colors?id=bffb171",
                                    "typography_typography": ""
                                }
                            },
                            "elements": [],
                            "isInner": false,
                            "widgetType": "heading",
                            "elType": "widget"
                        },
                        {
                            "id": "66049ade",
                            "settings": {
                                "width": {
                                    "unit": "px",
                                    "size": 80,
                                    "sizes": []
                                },
                                "align": "center",
                                "text": "Divider",
                                "weight": {
                                    "unit": "px",
                                    "size": 3,
                                    "sizes": []
                                },
                                "gap": {
                                    "unit": "px",
                                    "size": 20,
                                    "sizes": []
                                },
                                "__globals__": {
                                    "color": "globals\/colors?id=7a682e9"
                                }
                            },
                            "elements": [],
                            "isInner": false,
                            "widgetType": "divider",
                            "elType": "widget"
                        },
                        {
                            "id": "350d37e1",
                            "settings": {
                                "title": "$49",
                                "header_size": "h1",
                                "title_color": "#FFFFFF",
                                "typography_font_family": "Rubik",
                                "typography_font_weight": "500",
                                "typography_line_height": {
                                    "unit": "em",
                                    "size": 1,
                                    "sizes": []
                                },
                                "__globals__": {
                                    "title_color": "globals\/colors?id=bffb171",
                                    "typography_typography": ""
                                },
                                "_animation": "fadeInLeft",
                                "_animation_delay": 200,
                                "align": "center"
                            },
                            "elements": [],
                            "isInner": false,
                            "widgetType": "heading",
                            "elType": "widget"
                        },
                        {
                            "id": "1145a1e4",
                            "settings": {
                                "space": {
                                    "unit": "px",
                                    "size": 15,
                                    "sizes": []
                                }
                            },
                            "elements": [],
                            "isInner": false,
                            "widgetType": "spacer",
                            "elType": "widget"
                        },
                        {
                            "id": "43b91ea6",
                            "settings": {
                                "title": "Per Month",
                                "header_size": "h5",
                                "align": "center",
                                "title_color": "#FFFFFF",
                                "typography_font_family": "Rubik",
                                "typography_font_weight": "700",
                                "typography_line_height": {
                                    "unit": "em",
                                    "size": 1,
                                    "sizes": []
                                },
                                "_margin": {
                                    "unit": "px",
                                    "top": "0",
                                    "right": "0",
                                    "bottom": "0",
                                    "left": "0",
                                    "isLinked": false
                                },
                                "_padding": {
                                    "unit": "px",
                                    "top": "0",
                                    "right": "0",
                                    "bottom": "0",
                                    "left": "0",
                                    "isLinked": false
                                },
                                "__globals__": {
                                    "title_color": "globals\/colors?id=bffb171",
                                    "typography_typography": ""
                                }
                            },
                            "elements": [],
                            "isInner": false,
                            "widgetType": "heading",
                            "elType": "widget"
                        },
                        {
                            "id": "41ed8199",
                            "settings": {
                                "space": {
                                    "unit": "px",
                                    "size": 5,
                                    "sizes": []
                                }
                            },
                            "elements": [],
                            "isInner": false,
                            "widgetType": "spacer",
                            "elType": "widget"
                        },
                        {
                            "id": "32115bf6",
                            "settings": {
                                "title": "All Courses Access",
                                "header_size": "div",
                                "align": "center",
                                "title_color": "#FFFFFF",
                                "typography_font_family": "Rubik",
                                "typography_font_weight": "700",
                                "typography_line_height": {
                                    "unit": "em",
                                    "size": 1,
                                    "sizes": []
                                },
                                "_margin": {
                                    "unit": "px",
                                    "top": "0",
                                    "right": "0",
                                    "bottom": "0",
                                    "left": "0",
                                    "isLinked": false
                                },
                                "_padding": {
                                    "unit": "px",
                                    "top": "0",
                                    "right": "0",
                                    "bottom": "0",
                                    "left": "0",
                                    "isLinked": false
                                },
                                "__globals__": {
                                    "title_color": "globals\/colors?id=bffb171",
                                    "typography_typography": ""
                                }
                            },
                            "elements": [],
                            "isInner": false,
                            "widgetType": "heading",
                            "elType": "widget"
                        },
                        {
                            "id": "32837dad",
                            "settings": {
                                "space_mobile": {
                                    "unit": "px",
                                    "size": 30,
                                    "sizes": []
                                },
                                "space": {
                                    "unit": "px",
                                    "size": 20,
                                    "sizes": []
                                }
                            },
                            "elements": [],
                            "isInner": false,
                            "widgetType": "spacer",
                            "elType": "widget"
                        },
                        {
                            "id": "5f30549f",
                            "settings": {
                                "text": "Sign Up Now",
                                "align": "justify",
                                "icon_indent": {
                                    "unit": "px",
                                    "size": 0,
                                    "sizes": []
                                },
                                "button_background_hover_color": "#00A8F1",
                                "border_radius": {
                                    "unit": "px",
                                    "top": "50",
                                    "right": "50",
                                    "bottom": "50",
                                    "left": "50",
                                    "isLinked": true
                                },
                                "text_padding": {
                                    "unit": "px",
                                    "top": "20",
                                    "right": "40",
                                    "bottom": "20",
                                    "left": "40",
                                    "isLinked": false
                                },
                                "__globals__": {
                                    "background_color": "globals\/colors?id=7a682e9",
                                    "button_text_color": "globals\/colors?id=bffb171",
                                    "button_background_hover_color": "globals\/colors?id=primary",
                                    "hover_color": "globals\/colors?id=bffb171",
                                    "typography_typography": ""
                                },
                                "typography_font_family": "Rubik",
                                "typography_font_weight": "500",
                                "button_text_color": "#FFFFFF",
                                "background_color": "#F3BD04",
                                "hover_color": "#FFFFFF"
                            },
                            "elements": [],
                            "isInner": false,
                            "widgetType": "button",
                            "elType": "widget"
                        }
                    ],
                    "isInner": false,
                    "elType": "column"
                }
            ],
            "isInner": false,
            "elType": "section"
        },
        {
            "id": "65ada770",
            "settings": {
                "margin": {
                    "unit": "px",
                    "top": "0",
                    "right": 0,
                    "bottom": "0",
                    "left": 0,
                    "isLinked": false
                },
                "padding": {
                    "unit": "px",
                    "top": "150",
                    "right": "0",
                    "bottom": "150",
                    "left": "0",
                    "isLinked": false
                },
                "structure": "20",
                "padding_tablet": {
                    "unit": "px",
                    "top": "120",
                    "right": "0",
                    "bottom": "120",
                    "left": "0",
                    "isLinked": false
                },
                "padding_mobile": {
                    "unit": "px",
                    "top": "120",
                    "right": "0",
                    "bottom": "90",
                    "left": "0",
                    "isLinked": false
                },
                "_title": "Post Entry"
            },
            "elements": [
                {
                    "id": "3634fbd6",
                    "settings": {
                        "_column_size": 50,
                        "_inline_size": 40,
                        "margin": {
                            "unit": "px",
                            "top": "0",
                            "right": "0",
                            "bottom": "0",
                            "left": "0",
                            "isLinked": false
                        },
                        "padding": {
                            "unit": "px",
                            "top": "0",
                            "right": "0",
                            "bottom": "0",
                            "left": "0",
                            "isLinked": false
                        },
                        "margin_tablet": {
                            "unit": "px",
                            "top": "0",
                            "right": "0",
                            "bottom": "0",
                            "left": "0",
                            "isLinked": false
                        },
                        "padding_tablet": {
                            "unit": "px",
                            "top": "0",
                            "right": "0",
                            "bottom": "0",
                            "left": "20",
                            "isLinked": false
                        },
                        "padding_mobile": {
                            "unit": "px",
                            "top": "0",
                            "right": "30",
                            "bottom": "0",
                            "left": "30",
                            "isLinked": false
                        },
                        "animation": "fadeInLeft"
                    },
                    "elements": [
                        {
                            "id": "3e9b69b7",
                            "settings": {
                                "posts_per_page": 1,
                                "order": "asc",
                                "eael_post_grid_columns": "eael-col-1",
                                "eael_post_grid_columns_tablet": "eael-col-1",
                                "layout_mode": "grid",
                                "show_load_more_text": "Load More",
                                "image_size": "large",
                                "postgrid_image_height": {
                                    "unit": "px",
                                    "size": 350,
                                    "sizes": []
                                },
                                "postgrid_image_height_tablet": {
                                    "unit": "px",
                                    "size": 350,
                                    "sizes": []
                                },
                                "postgrid_image_height_mobile": {
                                    "unit": "px",
                                    "size": 300,
                                    "sizes": []
                                },
                                "eael_show_title": "",
                                "eael_show_excerpt": "",
                                "excerpt_expanison_indicator": "...",
                                "eael_read_more_text": "Read More",
                                "eael_show_read_more_button": "",
                                "read_more_button_text": "Read More",
                                "eael_show_meta": "",
                                "eael_post_grid_spacing": {
                                    "unit": "px",
                                    "top": "0",
                                    "right": "10",
                                    "bottom": "0",
                                    "left": "10",
                                    "isLinked": false
                                },
                                "eael_post_grid_thumbnail_radius": {
                                    "unit": "px",
                                    "top": "10",
                                    "right": "10",
                                    "bottom": "10",
                                    "left": "10",
                                    "isLinked": true
                                },
                                "eael_post_grid_title_margin": {
                                    "unit": "px",
                                    "top": "0",
                                    "right": "0",
                                    "bottom": "0",
                                    "left": "0",
                                    "isLinked": false
                                },
                                "eael_post_grid_excerpt_margin": {
                                    "unit": "px",
                                    "top": "0",
                                    "right": "0",
                                    "bottom": "0",
                                    "left": "0",
                                    "isLinked": false
                                },
                                "eael_post_grid_bg_hover_icon_new": {
                                    "value": "fas fa-angle-right",
                                    "library": "fa-solid"
                                },
                                "eael_post_grid_hover_bg_color": "#25356F70",
                                "eael_post_grid_hover_icon_fontsize": {
                                    "unit": "px",
                                    "size": 36,
                                    "sizes": []
                                },
                                "_margin": {
                                    "unit": "px",
                                    "top": "0",
                                    "right": "0",
                                    "bottom": "0",
                                    "left": "0",
                                    "isLinked": false
                                },
                                "_padding": {
                                    "unit": "px",
                                    "top": "0",
                                    "right": "0",
                                    "bottom": "0",
                                    "left": "0",
                                    "isLinked": false
                                },
                                "__globals__": {
                                    "eael_post_grid_hover_bg_color": "",
                                    "eael_post_grid_hover_icon_color": "globals\/colors?id=bffb171"
                                }
                            },
                            "elements": [],
                            "isInner": false,
                            "widgetType": "eael-post-grid",
                            "elType": "widget"
                        }
                    ],
                    "isInner": false,
                    "elType": "column"
                },
                {
                    "id": "142f3097",
                    "settings": {
                        "_column_size": 50,
                        "_inline_size": 60,
                        "margin": {
                            "unit": "px",
                            "top": "0",
                            "right": "0",
                            "bottom": "0",
                            "left": "0",
                            "isLinked": false
                        },
                        "padding": {
                            "unit": "px",
                            "top": "0",
                            "right": "0",
                            "bottom": "0",
                            "left": "50",
                            "isLinked": false
                        },
                        "content_position": "center",
                        "padding_tablet": {
                            "unit": "px",
                            "top": "0",
                            "right": "30",
                            "bottom": "0",
                            "left": "40",
                            "isLinked": false
                        },
                        "margin_mobile": {
                            "unit": "px",
                            "top": "0",
                            "right": "0",
                            "bottom": "0",
                            "left": "0",
                            "isLinked": false
                        },
                        "padding_mobile": {
                            "unit": "px",
                            "top": "50",
                            "right": "30",
                            "bottom": "0",
                            "left": "30",
                            "isLinked": false
                        }
                    },
                    "elements": [
                        {
                            "id": "554b17cb",
                            "settings": {
                                "title": "The Newest",
                                "__globals__": {
                                    "title_color": "globals\/colors?id=primary"
                                },
                                "_animation": "fadeInRight",
                                "_animation_delay": 200,
                                "align_mobile": "center"
                            },
                            "elements": [],
                            "isInner": false,
                            "widgetType": "heading",
                            "elType": "widget"
                        },
                        {
                            "id": "18c01706",
                            "settings": {
                                "title": "Article",
                                "__globals__": {
                                    "title_color": "globals\/colors?id=text"
                                },
                                "_animation": "fadeInRight",
                                "_animation_delay": 400,
                                "align_mobile": "center"
                            },
                            "elements": [],
                            "isInner": false,
                            "widgetType": "heading",
                            "elType": "widget"
                        },
                        {
                            "id": "5704c812",
                            "settings": {
                                "width": {
                                    "unit": "px",
                                    "size": 80,
                                    "sizes": []
                                },
                                "text": "Divider",
                                "weight": {
                                    "unit": "px",
                                    "size": 3,
                                    "sizes": []
                                },
                                "gap": {
                                    "unit": "px",
                                    "size": 20,
                                    "sizes": []
                                },
                                "__globals__": {
                                    "color": "globals\/colors?id=primary"
                                },
                                "_animation": "fadeInRight",
                                "_animation_delay": 600,
                                "align_mobile": "center"
                            },
                            "elements": [],
                            "isInner": false,
                            "widgetType": "divider",
                            "elType": "widget"
                        },
                        {
                            "id": "6a080810",
                            "settings": {
                                "space": {
                                    "unit": "px",
                                    "size": 30,
                                    "sizes": []
                                },
                                "space_tablet": {
                                    "unit": "px",
                                    "size": 20,
                                    "sizes": []
                                }
                            },
                            "elements": [],
                            "isInner": false,
                            "widgetType": "spacer",
                            "elType": "widget"
                        },
                        {
                            "id": "46ca0e5f",
                            "settings": {
                                "editor": "<h6>Curabitur ultricies, lorem non tristique faucibus, quam justo vulputate lacus, eu tempus sem nibh pretium neque.<\/h6>",
                                "align_mobile": "justify",
                                "__globals__": {
                                    "text_color": "globals\/colors?id=accent"
                                }
                            },
                            "elements": [],
                            "isInner": false,
                            "widgetType": "text-editor",
                            "elType": "widget"
                        },
                        {
                            "id": "68707a38",
                            "settings": {
                                "editor": "Quisque convallis vulputate mauris, eget condimentum tortor facilisis vel. Fusce at fermentum dolor. Cras in facilisis sapien, eget laoreet neque. Phasellus hendrerit arcu vel nunc luctus pharetra. Praesent pharetra pretium purus, sed consectetur erat pharetra non.",
                                "align_mobile": "justify",
                                "__globals__": {
                                    "text_color": "globals\/colors?id=accent"
                                }
                            },
                            "elements": [],
                            "isInner": false,
                            "widgetType": "text-editor",
                            "elType": "widget"
                        }
                    ],
                    "isInner": false,
                    "elType": "column"
                }
            ],
            "isInner": false,
            "elType": "section"
        },
        {
            "id": "66f24ea6",
            "settings": {
                "background_background": "classic",
                "shape_divider_top": "waves",
                "shape_divider_top_width": {
                    "unit": "%",
                    "size": 200,
                    "sizes": []
                },
                "shape_divider_top_height": {
                    "unit": "px",
                    "size": 50,
                    "sizes": []
                },
                "shape_divider_top_flip": "yes",
                "margin": {
                    "unit": "px",
                    "top": "0",
                    "right": 0,
                    "bottom": "0",
                    "left": 0,
                    "isLinked": false
                },
                "padding": {
                    "unit": "px",
                    "top": "150",
                    "right": "0",
                    "bottom": "150",
                    "left": "0",
                    "isLinked": false
                },
                "padding_tablet": {
                    "unit": "px",
                    "top": "120",
                    "right": "0",
                    "bottom": "120",
                    "left": "0",
                    "isLinked": false
                },
                "padding_mobile": {
                    "unit": "px",
                    "top": "90",
                    "right": "0",
                    "bottom": "90",
                    "left": "0",
                    "isLinked": false
                },
                "__globals__": {
                    "background_color": "globals\/colors?id=99b82ae"
                },
                "_title": "Post List"
            },
            "elements": [
                {
                    "id": "56aa25ba",
                    "settings": {
                        "_column_size": 100,
                        "_inline_size": null,
                        "margin": {
                            "unit": "px",
                            "top": "0",
                            "right": "0",
                            "bottom": "0",
                            "left": "0",
                            "isLinked": false
                        },
                        "padding": {
                            "unit": "px",
                            "top": "0",
                            "right": "0",
                            "bottom": "0",
                            "left": "0",
                            "isLinked": false
                        },
                        "padding_tablet": {
                            "unit": "px",
                            "top": "0",
                            "right": "20",
                            "bottom": "0",
                            "left": "20",
                            "isLinked": false
                        },
                        "padding_mobile": {
                            "unit": "px",
                            "top": "0",
                            "right": "30",
                            "bottom": "0",
                            "left": "30",
                            "isLinked": false
                        },
                        "animation": "fadeInUp"
                    },
                    "elements": [
                        {
                            "id": "9b4cb41",
                            "settings": {
                                "posts_per_page": 6,
                                "eael_post_grid_columns": "eael-col-2",
                                "layout_mode": "grid",
                                "show_load_more_text": "Load More",
                                "image_size": "large",
                                "postgrid_image_height": {
                                    "unit": "px",
                                    "size": 350,
                                    "sizes": []
                                },
                                "postgrid_image_height_tablet": {
                                    "unit": "px",
                                    "size": 200,
                                    "sizes": []
                                },
                                "postgrid_image_height_mobile": {
                                    "unit": "px",
                                    "size": 200,
                                    "sizes": []
                                },
                                "title_tag": "h5",
                                "eael_excerpt_length": 20,
                                "excerpt_expanison_indicator": "...",
                                "eael_read_more_text": "Read More",
                                "eael_show_read_more_button": "",
                                "read_more_button_text": "Read More",
                                "eael_post_grid_preset_style": "two",
                                "eael_post_grid_bg_color": "#EEF6FD",
                                "eael_post_grid_spacing": {
                                    "unit": "px",
                                    "top": "0",
                                    "right": "10",
                                    "bottom": "20",
                                    "left": "10",
                                    "isLinked": false
                                },
                                "eael_post_grid_border_border": "solid",
                                "eael_post_grid_border_width": {
                                    "unit": "px",
                                    "top": "0",
                                    "right": "0",
                                    "bottom": "0",
                                    "left": "0",
                                    "isLinked": true
                                },
                                "eael_post_grid_thumbnail_radius": {
                                    "unit": "px",
                                    "top": "10",
                                    "right": "10",
                                    "bottom": "10",
                                    "left": "10",
                                    "isLinked": true
                                },
                                "eael_post_grid_meta_footer_margin": {
                                    "unit": "px",
                                    "top": "0",
                                    "right": "0",
                                    "bottom": "0",
                                    "left": "0",
                                    "isLinked": false
                                },
                                "eael_post_grid_title_margin": {
                                    "unit": "px",
                                    "top": "10",
                                    "right": "0",
                                    "bottom": "10",
                                    "left": "0",
                                    "isLinked": false
                                },
                                "eael_post_grid_excerpt_margin": {
                                    "unit": "px",
                                    "top": "0",
                                    "right": "0",
                                    "bottom": "10",
                                    "left": "0",
                                    "isLinked": false
                                },
                                "eael_post_grid_bg_hover_icon_new": {
                                    "value": "fas fa-angle-right",
                                    "library": "fa-solid"
                                },
                                "eael_post_grid_hover_bg_color": "#25356F70",
                                "eael_post_grid_hover_icon_color": "#FFFFFF",
                                "eael_post_grid_hover_icon_fontsize": {
                                    "unit": "px",
                                    "size": 36,
                                    "sizes": []
                                },
                                "_margin": {
                                    "unit": "px",
                                    "top": "0",
                                    "right": "0",
                                    "bottom": "0",
                                    "left": "0",
                                    "isLinked": false
                                },
                                "_padding": {
                                    "unit": "px",
                                    "top": "0",
                                    "right": "0",
                                    "bottom": "0",
                                    "left": "0",
                                    "isLinked": false
                                },
                                "__globals__": {
                                    "eael_post_grid_hover_bg_color": "",
                                    "eael_post_grid_hover_icon_color": "globals\/colors?id=bffb171",
                                    "eael_post_grid_bg_color": "globals\/colors?id=99b82ae",
                                    "eael_post_grid_meta_color_date": "",
                                    "eael_post_grid_meta_typography_typography": "globals\/typography?id=accent",
                                    "eael_post_grid_title_color": "globals\/colors?id=text",
                                    "eael_post_grid_title_hover_color": "globals\/colors?id=primary",
                                    "eael_post_grid_title_typography_typography": "globals\/typography?id=primary",
                                    "eael_post_grid_excerpt_color": "globals\/colors?id=accent",
                                    "eael_post_grid_excerpt_typography_typography": "globals\/typography?id=text"
                                }
                            },
                            "elements": [],
                            "isInner": false,
                            "widgetType": "eael-post-grid",
                            "elType": "widget"
                        }
                    ],
                    "isInner": false,
                    "elType": "column"
                }
            ],
            "isInner": false,
            "elType": "section"
        }
    ],
    "page_settings": {
        "eael_ext_toc_title": "Table of Contents"
    }
}