{
    "version": "0.4",
    "title": "Page \u2013 Single Post",
    "type": "section",
    "metadata": {
        "template_type": "single-post",
        "include_in_zip": "1",
        "elementor_pro_required": null,
        "wp_page_template": "default"
    },
    "content": [
        {
            "id": "1b387333",
            "settings": {
                "background_background": "classic",
                "background_image": {
                    "url": "https:\/\/a.catand.us\/akademy\/wp-content\/uploads\/sites\/15\/2021\/08\/concluding-deal-with-coding-company-XS7RMTL.jpg",
                    "id": 1038,
                    "alt": "",
                    "source": "library"
                },
                "background_position": "center center",
                "background_attachment": "fixed",
                "background_repeat": "no-repeat",
                "background_size": "cover",
                "background_overlay_background": "classic",
                "margin": {
                    "unit": "px",
                    "top": "-105",
                    "right": 0,
                    "bottom": "0",
                    "left": 0,
                    "isLinked": false
                },
                "padding": {
                    "unit": "px",
                    "top": "150",
                    "right": "0",
                    "bottom": "50",
                    "left": "0",
                    "isLinked": false
                },
                "background_overlay_opacity": {
                    "unit": "px",
                    "size": 0.75,
                    "sizes": []
                },
                "__globals__": {
                    "background_overlay_color": "globals\/colors?id=text",
                    "shape_divider_bottom_color": "globals\/colors?id=bffb171"
                },
                "_title": "Banner",
                "structure": "20",
                "shape_divider_bottom": "waves",
                "shape_divider_bottom_width": {
                    "unit": "%",
                    "size": 200,
                    "sizes": []
                },
                "shape_divider_bottom_height": {
                    "unit": "px",
                    "size": 50,
                    "sizes": []
                },
                "shape_divider_bottom_flip": "yes",
                "margin_tablet": {
                    "unit": "px",
                    "top": "-105",
                    "right": 0,
                    "bottom": "0",
                    "left": 0,
                    "isLinked": false
                },
                "padding_tablet": {
                    "unit": "px",
                    "top": "150",
                    "right": "0",
                    "bottom": "50",
                    "left": "0",
                    "isLinked": false
                },
                "margin_mobile": {
                    "unit": "px",
                    "top": "-150",
                    "right": 0,
                    "bottom": "0",
                    "left": 0,
                    "isLinked": false
                },
                "padding_mobile": {
                    "unit": "px",
                    "top": "200",
                    "right": "0",
                    "bottom": "40",
                    "left": "0",
                    "isLinked": false
                }
            },
            "elements": [
                {
                    "id": "a400f27",
                    "settings": {
                        "_column_size": 50,
                        "_inline_size": 65,
                        "margin": {
                            "unit": "px",
                            "top": "0",
                            "right": "0",
                            "bottom": "0",
                            "left": "0",
                            "isLinked": false
                        },
                        "padding": {
                            "unit": "px",
                            "top": "70",
                            "right": "0",
                            "bottom": "0",
                            "left": "0",
                            "isLinked": false
                        },
                        "_inline_size_tablet": 60,
                        "padding_tablet": {
                            "unit": "px",
                            "top": "60",
                            "right": "0",
                            "bottom": "0",
                            "left": "30",
                            "isLinked": false
                        },
                        "_inline_size_mobile": 100,
                        "padding_mobile": {
                            "unit": "px",
                            "top": "0",
                            "right": "30",
                            "bottom": "0",
                            "left": "30",
                            "isLinked": false
                        }
                    },
                    "elements": [
                        {
                            "id": "62588f7b",
                            "settings": {
                                "title": "Single",
                                "header_size": "h1",
                                "__globals__": {
                                    "title_color": "globals\/colors?id=primary"
                                },
                                "_animation": "fadeInLeft",
                                "align_mobile": "center"
                            },
                            "elements": [],
                            "isInner": false,
                            "widgetType": "heading",
                            "elType": "widget"
                        },
                        {
                            "id": "421b8a23",
                            "settings": {
                                "title": "Post",
                                "header_size": "h1",
                                "title_color": "#FFFFFF",
                                "typography_font_family": "Rubik",
                                "typography_font_weight": "500",
                                "typography_line_height": {
                                    "unit": "em",
                                    "size": 1,
                                    "sizes": []
                                },
                                "__globals__": {
                                    "title_color": "globals\/colors?id=bffb171",
                                    "typography_typography": ""
                                },
                                "_animation": "fadeInLeft",
                                "_animation_delay": 200,
                                "align_mobile": "center"
                            },
                            "elements": [],
                            "isInner": false,
                            "widgetType": "heading",
                            "elType": "widget"
                        },
                        {
                            "id": "1d1522af",
                            "settings": {
                                "width": {
                                    "unit": "px",
                                    "size": 80,
                                    "sizes": []
                                },
                                "text": "Divider",
                                "weight": {
                                    "unit": "px",
                                    "size": 3,
                                    "sizes": []
                                },
                                "gap": {
                                    "unit": "px",
                                    "size": 20,
                                    "sizes": []
                                },
                                "__globals__": {
                                    "color": "globals\/colors?id=bffb171"
                                },
                                "align_mobile": "center",
                                "_animation": "fadeInLeft",
                                "_animation_delay": 400
                            },
                            "elements": [],
                            "isInner": false,
                            "widgetType": "divider",
                            "elType": "widget"
                        }
                    ],
                    "isInner": false,
                    "elType": "column"
                },
                {
                    "id": "76903c22",
                    "settings": {
                        "_column_size": 50,
                        "_inline_size": 35,
                        "margin": {
                            "unit": "px",
                            "top": "0",
                            "right": "0",
                            "bottom": "-80",
                            "left": "50",
                            "isLinked": false
                        },
                        "padding": {
                            "unit": "px",
                            "top": "50",
                            "right": "50",
                            "bottom": "40",
                            "left": "50",
                            "isLinked": false
                        },
                        "align": "center",
                        "background_background": "gradient",
                        "background_gradient_angle": {
                            "unit": "deg",
                            "size": 160,
                            "sizes": []
                        },
                        "border_radius": {
                            "unit": "px",
                            "top": "10",
                            "right": "10",
                            "bottom": "10",
                            "left": "10",
                            "isLinked": true
                        },
                        "box_shadow_box_shadow_type": "yes",
                        "box_shadow_box_shadow": {
                            "horizontal": 0,
                            "vertical": 0,
                            "blur": 10,
                            "spread": 0,
                            "color": "rgba(0, 0, 0, 0.3)"
                        },
                        "z_index": 9,
                        "__globals__": {
                            "background_color": "globals\/colors?id=primary",
                            "background_color_b": "globals\/colors?id=text"
                        },
                        "animation": "fadeInRight",
                        "animation_delay": 600,
                        "_inline_size_tablet": 40,
                        "background_gradient_position": "top left",
                        "margin_tablet": {
                            "unit": "px",
                            "top": "0",
                            "right": "20",
                            "bottom": "-70",
                            "left": "20",
                            "isLinked": false
                        },
                        "padding_tablet": {
                            "unit": "px",
                            "top": "40",
                            "right": "30",
                            "bottom": "30",
                            "left": "30",
                            "isLinked": false
                        },
                        "_inline_size_mobile": 100,
                        "background_color_stop": {
                            "unit": "%",
                            "size": 5,
                            "sizes": []
                        },
                        "background_color_b": "#25356F",
                        "margin_mobile": {
                            "unit": "px",
                            "top": "30",
                            "right": "30",
                            "bottom": "-60",
                            "left": "30",
                            "isLinked": false
                        },
                        "padding_mobile": {
                            "unit": "px",
                            "top": "40",
                            "right": "20",
                            "bottom": "30",
                            "left": "20",
                            "isLinked": false
                        }
                    },
                    "elements": [
                        {
                            "id": "23f8320e",
                            "settings": {
                                "title": "Membership",
                                "header_size": "h3",
                                "align": "center",
                                "title_color": "#FFFFFF",
                                "typography_font_family": "Comfortaa",
                                "typography_font_weight": "700",
                                "_margin": {
                                    "unit": "px",
                                    "top": "0",
                                    "right": "0",
                                    "bottom": "0",
                                    "left": "0",
                                    "isLinked": false
                                },
                                "_padding": {
                                    "unit": "px",
                                    "top": "0",
                                    "right": "0",
                                    "bottom": "0",
                                    "left": "0",
                                    "isLinked": false
                                },
                                "__globals__": {
                                    "title_color": "globals\/colors?id=bffb171",
                                    "typography_typography": ""
                                }
                            },
                            "elements": [],
                            "isInner": false,
                            "widgetType": "heading",
                            "elType": "widget"
                        },
                        {
                            "id": "3bf83f45",
                            "settings": {
                                "width": {
                                    "unit": "px",
                                    "size": 80,
                                    "sizes": []
                                },
                                "align": "center",
                                "text": "Divider",
                                "weight": {
                                    "unit": "px",
                                    "size": 3,
                                    "sizes": []
                                },
                                "gap": {
                                    "unit": "px",
                                    "size": 20,
                                    "sizes": []
                                },
                                "__globals__": {
                                    "color": "globals\/colors?id=7a682e9"
                                }
                            },
                            "elements": [],
                            "isInner": false,
                            "widgetType": "divider",
                            "elType": "widget"
                        },
                        {
                            "id": "25281548",
                            "settings": {
                                "title": "$49",
                                "header_size": "h1",
                                "title_color": "#FFFFFF",
                                "typography_font_family": "Rubik",
                                "typography_font_weight": "500",
                                "typography_line_height": {
                                    "unit": "em",
                                    "size": 1,
                                    "sizes": []
                                },
                                "__globals__": {
                                    "title_color": "globals\/colors?id=bffb171",
                                    "typography_typography": ""
                                },
                                "_animation": "fadeInLeft",
                                "_animation_delay": 200,
                                "align": "center"
                            },
                            "elements": [],
                            "isInner": false,
                            "widgetType": "heading",
                            "elType": "widget"
                        },
                        {
                            "id": "3149e0f0",
                            "settings": {
                                "space": {
                                    "unit": "px",
                                    "size": 15,
                                    "sizes": []
                                }
                            },
                            "elements": [],
                            "isInner": false,
                            "widgetType": "spacer",
                            "elType": "widget"
                        },
                        {
                            "id": "623936ed",
                            "settings": {
                                "title": "Per Month",
                                "header_size": "h5",
                                "align": "center",
                                "title_color": "#FFFFFF",
                                "typography_font_family": "Rubik",
                                "typography_font_weight": "700",
                                "typography_line_height": {
                                    "unit": "em",
                                    "size": 1,
                                    "sizes": []
                                },
                                "_margin": {
                                    "unit": "px",
                                    "top": "0",
                                    "right": "0",
                                    "bottom": "0",
                                    "left": "0",
                                    "isLinked": false
                                },
                                "_padding": {
                                    "unit": "px",
                                    "top": "0",
                                    "right": "0",
                                    "bottom": "0",
                                    "left": "0",
                                    "isLinked": false
                                },
                                "__globals__": {
                                    "title_color": "globals\/colors?id=bffb171",
                                    "typography_typography": ""
                                }
                            },
                            "elements": [],
                            "isInner": false,
                            "widgetType": "heading",
                            "elType": "widget"
                        },
                        {
                            "id": "6ab083d0",
                            "settings": {
                                "space": {
                                    "unit": "px",
                                    "size": 5,
                                    "sizes": []
                                }
                            },
                            "elements": [],
                            "isInner": false,
                            "widgetType": "spacer",
                            "elType": "widget"
                        },
                        {
                            "id": "70c4bc32",
                            "settings": {
                                "title": "All Courses Access",
                                "header_size": "div",
                                "align": "center",
                                "title_color": "#FFFFFF",
                                "typography_font_family": "Rubik",
                                "typography_font_weight": "700",
                                "typography_line_height": {
                                    "unit": "em",
                                    "size": 1,
                                    "sizes": []
                                },
                                "_margin": {
                                    "unit": "px",
                                    "top": "0",
                                    "right": "0",
                                    "bottom": "0",
                                    "left": "0",
                                    "isLinked": false
                                },
                                "_padding": {
                                    "unit": "px",
                                    "top": "0",
                                    "right": "0",
                                    "bottom": "0",
                                    "left": "0",
                                    "isLinked": false
                                },
                                "__globals__": {
                                    "title_color": "globals\/colors?id=bffb171",
                                    "typography_typography": ""
                                }
                            },
                            "elements": [],
                            "isInner": false,
                            "widgetType": "heading",
                            "elType": "widget"
                        },
                        {
                            "id": "6e8200f2",
                            "settings": {
                                "space_mobile": {
                                    "unit": "px",
                                    "size": 30,
                                    "sizes": []
                                },
                                "space": {
                                    "unit": "px",
                                    "size": 20,
                                    "sizes": []
                                }
                            },
                            "elements": [],
                            "isInner": false,
                            "widgetType": "spacer",
                            "elType": "widget"
                        },
                        {
                            "id": "7fb3a4bb",
                            "settings": {
                                "text": "Sign Up Now",
                                "align": "justify",
                                "icon_indent": {
                                    "unit": "px",
                                    "size": 0,
                                    "sizes": []
                                },
                                "button_background_hover_color": "#00A8F1",
                                "border_radius": {
                                    "unit": "px",
                                    "top": "50",
                                    "right": "50",
                                    "bottom": "50",
                                    "left": "50",
                                    "isLinked": true
                                },
                                "text_padding": {
                                    "unit": "px",
                                    "top": "20",
                                    "right": "40",
                                    "bottom": "20",
                                    "left": "40",
                                    "isLinked": false
                                },
                                "__globals__": {
                                    "background_color": "globals\/colors?id=7a682e9",
                                    "button_text_color": "globals\/colors?id=bffb171",
                                    "button_background_hover_color": "globals\/colors?id=primary",
                                    "hover_color": "globals\/colors?id=bffb171",
                                    "typography_typography": ""
                                },
                                "typography_font_family": "Rubik",
                                "typography_font_weight": "500",
                                "button_text_color": "#FFFFFF",
                                "background_color": "#F3BD04",
                                "hover_color": "#FFFFFF"
                            },
                            "elements": [],
                            "isInner": false,
                            "widgetType": "button",
                            "elType": "widget"
                        }
                    ],
                    "isInner": false,
                    "elType": "column"
                }
            ],
            "isInner": false,
            "elType": "section"
        },
        {
            "id": "d1f518",
            "settings": {
                "structure": "20",
                "margin": {
                    "unit": "px",
                    "top": "0",
                    "right": 0,
                    "bottom": "0",
                    "left": 0,
                    "isLinked": false
                },
                "padding": {
                    "unit": "px",
                    "top": "150",
                    "right": "0",
                    "bottom": "150",
                    "left": "0",
                    "isLinked": false
                },
                "_title": "Title + Featured Img",
                "padding_tablet": {
                    "unit": "px",
                    "top": "120",
                    "right": "0",
                    "bottom": "120",
                    "left": "0",
                    "isLinked": false
                },
                "padding_mobile": {
                    "unit": "px",
                    "top": "120",
                    "right": "0",
                    "bottom": "90",
                    "left": "0",
                    "isLinked": false
                }
            },
            "elements": [
                {
                    "id": "18c991f7",
                    "settings": {
                        "_column_size": 50,
                        "_inline_size": 60,
                        "margin": {
                            "unit": "px",
                            "top": "0",
                            "right": "0",
                            "bottom": "0",
                            "left": "0",
                            "isLinked": false
                        },
                        "padding": {
                            "unit": "px",
                            "top": "0",
                            "right": "50",
                            "bottom": "0",
                            "left": "0",
                            "isLinked": false
                        },
                        "padding_tablet": {
                            "unit": "px",
                            "top": "0",
                            "right": "40",
                            "bottom": "0",
                            "left": "30",
                            "isLinked": false
                        },
                        "margin_mobile": {
                            "unit": "px",
                            "top": "0",
                            "right": "0",
                            "bottom": "0",
                            "left": "0",
                            "isLinked": false
                        },
                        "padding_mobile": {
                            "unit": "px",
                            "top": "50",
                            "right": "30",
                            "bottom": "0",
                            "left": "30",
                            "isLinked": false
                        }
                    },
                    "elements": [
                        {
                            "id": "2d78f904",
                            "settings": {
                                "sg_term_separator": ",",
                                "sg_term_html_tag": "h4",
                                "st_term_alignment_responsive": "",
                                "_margin": {
                                    "unit": "px",
                                    "top": "0",
                                    "right": "0",
                                    "bottom": "0",
                                    "left": "0",
                                    "isLinked": false
                                },
                                "_padding": {
                                    "unit": "px",
                                    "top": "0",
                                    "right": "0",
                                    "bottom": "0",
                                    "left": "0",
                                    "isLinked": false
                                },
                                "__globals__": {
                                    "st_term_typography_content_typography_typography": "globals\/typography?id=accent"
                                },
                                "st_term_alignment_responsive_mobile": "center",
                                "_animation": "fadeInLeft"
                            },
                            "elements": [],
                            "isInner": false,
                            "widgetType": "jkit_post_terms",
                            "elType": "widget"
                        },
                        {
                            "id": "18a8ea1",
                            "settings": {
                                "__globals__": {
                                    "st_title_normal_color_responsive": "globals\/colors?id=primary"
                                },
                                "st_title_alignment_responsive_mobile": "center",
                                "_animation": "fadeInLeft",
                                "_animation_delay": 200
                            },
                            "elements": [],
                            "isInner": false,
                            "widgetType": "jkit_post_title",
                            "elType": "widget"
                        },
                        {
                            "id": "28392f22",
                            "settings": {
                                "width": {
                                    "unit": "px",
                                    "size": 80,
                                    "sizes": []
                                },
                                "text": "Divider",
                                "weight": {
                                    "unit": "px",
                                    "size": 3,
                                    "sizes": []
                                },
                                "gap": {
                                    "unit": "px",
                                    "size": 20,
                                    "sizes": []
                                },
                                "__globals__": {
                                    "color": "globals\/colors?id=primary"
                                },
                                "align": "left",
                                "_animation": "fadeInLeft",
                                "_animation_delay": 400,
                                "align_mobile": "center"
                            },
                            "elements": [],
                            "isInner": false,
                            "widgetType": "divider",
                            "elType": "widget"
                        },
                        {
                            "id": "58fdc2d7",
                            "settings": {
                                "space": {
                                    "unit": "px",
                                    "size": 30,
                                    "sizes": []
                                },
                                "space_tablet": {
                                    "unit": "px",
                                    "size": 20,
                                    "sizes": []
                                }
                            },
                            "elements": [],
                            "isInner": false,
                            "widgetType": "spacer",
                            "elType": "widget"
                        },
                        {
                            "id": "558faf78",
                            "settings": {
                                "sg_date_format_custom": "F j, Y",
                                "sg_date_html_tag": "h6",
                                "__globals__": {
                                    "st_date_normal_color_responsive": "globals\/colors?id=text"
                                },
                                "st_date_alignment_responsive_mobile": "center"
                            },
                            "elements": [],
                            "isInner": false,
                            "widgetType": "jkit_post_date",
                            "elType": "widget"
                        },
                        {
                            "id": "17160ec5",
                            "settings": {
                                "st_excerpt_alignment_responsive_mobile": "center",
                                "__globals__": {
                                    "st_excerpt_normal_color_responsive": "globals\/colors?id=accent"
                                }
                            },
                            "elements": [],
                            "isInner": false,
                            "widgetType": "jkit_post_excerpt",
                            "elType": "widget"
                        }
                    ],
                    "isInner": false,
                    "elType": "column"
                },
                {
                    "id": "9c609f9",
                    "settings": {
                        "_column_size": 50,
                        "_inline_size": 40,
                        "margin": {
                            "unit": "px",
                            "top": "0",
                            "right": "0",
                            "bottom": "0",
                            "left": "0",
                            "isLinked": false
                        },
                        "padding": {
                            "unit": "px",
                            "top": "0",
                            "right": "0",
                            "bottom": "0",
                            "left": "0",
                            "isLinked": false
                        },
                        "content_position": "center",
                        "background_background": "classic",
                        "background_image": {
                            "url": "",
                            "id": "",
                            "alt": "",
                            "source": "library"
                        },
                        "background_position": "center center",
                        "background_repeat": "no-repeat",
                        "background_size": "cover",
                        "border_radius": {
                            "unit": "px",
                            "top": "10",
                            "right": "10",
                            "bottom": "10",
                            "left": "10",
                            "isLinked": true
                        },
                        "animation": "fadeInRight",
                        "margin_tablet": {
                            "unit": "px",
                            "top": "0",
                            "right": "0",
                            "bottom": "0",
                            "left": "0",
                            "isLinked": false
                        },
                        "margin_mobile": {
                            "unit": "px",
                            "top": "0",
                            "right": "30",
                            "bottom": "0",
                            "left": "30",
                            "isLinked": false
                        },
                        "padding_mobile": {
                            "unit": "px",
                            "top": "50",
                            "right": "0",
                            "bottom": "0",
                            "left": "0",
                            "isLinked": false
                        },
                        "padding_tablet": {
                            "unit": "px",
                            "top": "0",
                            "right": "20",
                            "bottom": "0",
                            "left": "0",
                            "isLinked": false
                        },
                        "animation_delay": 600
                    },
                    "elements": [
                        {
                            "id": "1191fa3e",
                            "settings": {
                                "st_image_border_radius_responsive": {
                                    "unit": "px",
                                    "top": "10",
                                    "right": "10",
                                    "bottom": "10",
                                    "left": "10",
                                    "isLinked": true
                                }
                            },
                            "elements": [],
                            "isInner": false,
                            "widgetType": "jkit_post_featured_image",
                            "elType": "widget"
                        }
                    ],
                    "isInner": false,
                    "elType": "column"
                }
            ],
            "isInner": false,
            "elType": "section"
        },
        {
            "id": "719e4c02",
            "settings": {
                "shape_divider_top_width": {
                    "unit": "%",
                    "size": 200,
                    "sizes": []
                },
                "shape_divider_top_height": {
                    "unit": "px",
                    "size": 50,
                    "sizes": []
                },
                "shape_divider_top_flip": "yes",
                "margin": {
                    "unit": "px",
                    "top": "0",
                    "right": 0,
                    "bottom": "0",
                    "left": 0,
                    "isLinked": false
                },
                "padding": {
                    "unit": "px",
                    "top": "150",
                    "right": "0",
                    "bottom": "150",
                    "left": "0",
                    "isLinked": false
                },
                "__globals__": {
                    "shape_divider_top_color": "globals\/colors?id=bffb171",
                    "background_color": "globals\/colors?id=99b82ae"
                },
                "_title": "Text",
                "padding_tablet": {
                    "unit": "px",
                    "top": "120",
                    "right": "0",
                    "bottom": "120",
                    "left": "0",
                    "isLinked": false
                },
                "padding_mobile": {
                    "unit": "px",
                    "top": "90",
                    "right": "0",
                    "bottom": "90",
                    "left": "0",
                    "isLinked": false
                },
                "background_background": "classic",
                "shape_divider_top": "waves",
                "shape_divider_bottom": "waves",
                "shape_divider_bottom_width": {
                    "unit": "%",
                    "size": 200,
                    "sizes": []
                },
                "shape_divider_bottom_height": {
                    "unit": "px",
                    "size": 50,
                    "sizes": []
                },
                "shape_divider_bottom_flip": "yes"
            },
            "elements": [
                {
                    "id": "491e7c49",
                    "settings": {
                        "_column_size": 100,
                        "_inline_size": null,
                        "margin": {
                            "unit": "px",
                            "top": "0",
                            "right": "0",
                            "bottom": "0",
                            "left": "0",
                            "isLinked": false
                        },
                        "padding": {
                            "unit": "px",
                            "top": "0",
                            "right": "100",
                            "bottom": "0",
                            "left": "100",
                            "isLinked": false
                        },
                        "padding_tablet": {
                            "unit": "px",
                            "top": "0",
                            "right": "80",
                            "bottom": "0",
                            "left": "80",
                            "isLinked": false
                        },
                        "padding_mobile": {
                            "unit": "px",
                            "top": "0",
                            "right": "30",
                            "bottom": "0",
                            "left": "30",
                            "isLinked": false
                        }
                    },
                    "elements": [
                        {
                            "id": "2ceec402",
                            "settings": {
                                "title": "Pre Word",
                                "__globals__": {
                                    "title_color": "globals\/colors?id=text"
                                },
                                "header_size": "h4",
                                "align": "center",
                                "_animation": "fadeIn"
                            },
                            "elements": [],
                            "isInner": false,
                            "widgetType": "heading",
                            "elType": "widget"
                        },
                        {
                            "id": "5f41ad69",
                            "settings": {
                                "space": {
                                    "unit": "px",
                                    "size": 10,
                                    "sizes": []
                                }
                            },
                            "elements": [],
                            "isInner": false,
                            "widgetType": "spacer",
                            "elType": "widget"
                        },
                        {
                            "id": "8c961f8",
                            "settings": {
                                "title": "Skills are in high demand",
                                "__globals__": {
                                    "title_color": "globals\/colors?id=primary"
                                },
                                "align": "center",
                                "_animation": "fadeIn",
                                "_animation_delay": 200
                            },
                            "elements": [],
                            "isInner": false,
                            "widgetType": "heading",
                            "elType": "widget"
                        },
                        {
                            "id": "1bbcb555",
                            "settings": {
                                "width": {
                                    "unit": "px",
                                    "size": 80,
                                    "sizes": []
                                },
                                "text": "Divider",
                                "weight": {
                                    "unit": "px",
                                    "size": 3,
                                    "sizes": []
                                },
                                "gap": {
                                    "unit": "px",
                                    "size": 20,
                                    "sizes": []
                                },
                                "__globals__": {
                                    "color": "globals\/colors?id=primary"
                                },
                                "align": "center",
                                "_animation": "fadeIn",
                                "_animation_delay": 400
                            },
                            "elements": [],
                            "isInner": false,
                            "widgetType": "divider",
                            "elType": "widget"
                        },
                        {
                            "id": "f423f89",
                            "settings": {
                                "editor": "<h6>Lorem ipsum dolor sit amet, consectetur adipiscing elit. Fusce ac imperdiet leo. Donec ultricies mattis maximus.<\/h6>",
                                "align": "center",
                                "__globals__": {
                                    "text_color": "globals\/colors?id=accent"
                                }
                            },
                            "elements": [],
                            "isInner": false,
                            "widgetType": "text-editor",
                            "elType": "widget"
                        },
                        {
                            "id": "6aeb34a4",
                            "settings": {
                                "editor": "Fusce et varius lorem. Suspendisse semper consequat magna. Mauris sagittis dui non augue venenatis volutpat. In in semper enim. Cras eget nibh augue. Sed non justo maximus, molestie nisi eu, pretium dolor. Vivamus felis purus, sagittis nec elit a, tempor auctor libero.In sit amet nisl non metus commodo interdum eu sit amet ante. Curabitur vehicula maximus leo vel consequat.",
                                "align": "center",
                                "__globals__": {
                                    "text_color": "globals\/colors?id=accent"
                                }
                            },
                            "elements": [],
                            "isInner": false,
                            "widgetType": "text-editor",
                            "elType": "widget"
                        }
                    ],
                    "isInner": false,
                    "elType": "column"
                }
            ],
            "isInner": false,
            "elType": "section"
        },
        {
            "id": "b6881d0",
            "settings": {
                "structure": "20",
                "margin": {
                    "unit": "px",
                    "top": "0",
                    "right": 0,
                    "bottom": "0",
                    "left": 0,
                    "isLinked": false
                },
                "padding": {
                    "unit": "px",
                    "top": "150",
                    "right": "0",
                    "bottom": "150",
                    "left": "0",
                    "isLinked": false
                },
                "_title": "Img + Text",
                "padding_tablet": {
                    "unit": "px",
                    "top": "120",
                    "right": "0",
                    "bottom": "120",
                    "left": "0",
                    "isLinked": false
                },
                "padding_mobile": {
                    "unit": "px",
                    "top": "90",
                    "right": "0",
                    "bottom": "90",
                    "left": "0",
                    "isLinked": false
                }
            },
            "elements": [
                {
                    "id": "90771e0",
                    "settings": {
                        "_column_size": 50,
                        "_inline_size": 40,
                        "margin": {
                            "unit": "px",
                            "top": "0",
                            "right": "0",
                            "bottom": "0",
                            "left": "0",
                            "isLinked": false
                        },
                        "padding": {
                            "unit": "px",
                            "top": "0",
                            "right": "0",
                            "bottom": "0",
                            "left": "0",
                            "isLinked": false
                        },
                        "content_position": "center",
                        "background_background": "classic",
                        "background_image": {
                            "url": "https:\/\/a.catand.us\/akademy\/wp-content\/uploads\/sites\/15\/2021\/08\/coded-stuff-on-screen-CD9PQJH.jpg",
                            "id": 795,
                            "alt": "",
                            "source": "library"
                        },
                        "background_position": "center center",
                        "background_repeat": "no-repeat",
                        "background_size": "cover",
                        "border_radius": {
                            "unit": "px",
                            "top": "10",
                            "right": "10",
                            "bottom": "10",
                            "left": "10",
                            "isLinked": true
                        },
                        "animation": "fadeInLeft",
                        "margin_tablet": {
                            "unit": "px",
                            "top": "0",
                            "right": "0",
                            "bottom": "0",
                            "left": "20",
                            "isLinked": false
                        },
                        "margin_mobile": {
                            "unit": "px",
                            "top": "0",
                            "right": "30",
                            "bottom": "0",
                            "left": "30",
                            "isLinked": false
                        },
                        "padding_mobile": {
                            "unit": "px",
                            "top": "100",
                            "right": "0",
                            "bottom": "100",
                            "left": "0",
                            "isLinked": false
                        },
                        "padding_tablet": {
                            "unit": "px",
                            "top": "0",
                            "right": "0",
                            "bottom": "0",
                            "left": "0",
                            "isLinked": false
                        }
                    },
                    "elements": [
                        {
                            "id": "2dc697b3",
                            "settings": {
                                "space": {
                                    "unit": "px",
                                    "size": 10,
                                    "sizes": []
                                }
                            },
                            "elements": [],
                            "isInner": false,
                            "widgetType": "spacer",
                            "elType": "widget"
                        }
                    ],
                    "isInner": false,
                    "elType": "column"
                },
                {
                    "id": "1fbd5d6f",
                    "settings": {
                        "_column_size": 50,
                        "_inline_size": 60,
                        "margin": {
                            "unit": "px",
                            "top": "0",
                            "right": "0",
                            "bottom": "0",
                            "left": "0",
                            "isLinked": false
                        },
                        "padding": {
                            "unit": "px",
                            "top": "0",
                            "right": "0",
                            "bottom": "0",
                            "left": "50",
                            "isLinked": false
                        },
                        "content_position": "center",
                        "padding_tablet": {
                            "unit": "px",
                            "top": "0",
                            "right": "30",
                            "bottom": "0",
                            "left": "40",
                            "isLinked": false
                        },
                        "margin_mobile": {
                            "unit": "px",
                            "top": "0",
                            "right": "0",
                            "bottom": "0",
                            "left": "0",
                            "isLinked": false
                        },
                        "padding_mobile": {
                            "unit": "px",
                            "top": "50",
                            "right": "30",
                            "bottom": "0",
                            "left": "30",
                            "isLinked": false
                        }
                    },
                    "elements": [
                        {
                            "id": "7df98ece",
                            "settings": {
                                "title": "What is AI",
                                "__globals__": {
                                    "title_color": "globals\/colors?id=primary"
                                },
                                "_animation": "fadeInRight",
                                "_animation_delay": 200,
                                "align_mobile": "center"
                            },
                            "elements": [],
                            "isInner": false,
                            "widgetType": "heading",
                            "elType": "widget"
                        },
                        {
                            "id": "1996a27d",
                            "settings": {
                                "title": "at the edge?",
                                "__globals__": {
                                    "title_color": "globals\/colors?id=text"
                                },
                                "_animation": "fadeInRight",
                                "_animation_delay": 400,
                                "align_mobile": "center"
                            },
                            "elements": [],
                            "isInner": false,
                            "widgetType": "heading",
                            "elType": "widget"
                        },
                        {
                            "id": "29a60287",
                            "settings": {
                                "width": {
                                    "unit": "px",
                                    "size": 80,
                                    "sizes": []
                                },
                                "text": "Divider",
                                "weight": {
                                    "unit": "px",
                                    "size": 3,
                                    "sizes": []
                                },
                                "gap": {
                                    "unit": "px",
                                    "size": 20,
                                    "sizes": []
                                },
                                "__globals__": {
                                    "color": "globals\/colors?id=primary"
                                },
                                "_animation": "fadeInRight",
                                "_animation_delay": 600,
                                "align_mobile": "center"
                            },
                            "elements": [],
                            "isInner": false,
                            "widgetType": "divider",
                            "elType": "widget"
                        },
                        {
                            "id": "1d22dcac",
                            "settings": {
                                "space": {
                                    "unit": "px",
                                    "size": 30,
                                    "sizes": []
                                },
                                "space_tablet": {
                                    "unit": "px",
                                    "size": 20,
                                    "sizes": []
                                }
                            },
                            "elements": [],
                            "isInner": false,
                            "widgetType": "spacer",
                            "elType": "widget"
                        },
                        {
                            "id": "e552fbc",
                            "settings": {
                                "editor": "<h6>Curabitur ultricies, lorem non tristique faucibus, quam justo vulputate lacus, eu tempus sem nibh pretium neque. Duis aliquam iaculis venenatis.<\/h6>",
                                "align_mobile": "justify",
                                "__globals__": {
                                    "text_color": "globals\/colors?id=accent"
                                }
                            },
                            "elements": [],
                            "isInner": false,
                            "widgetType": "text-editor",
                            "elType": "widget"
                        },
                        {
                            "id": "2b426f9c",
                            "settings": {
                                "editor": "Lorem ipsum dolor sit amet, consectetur adipiscing elit. Quisque convallis vulputate mauris, eget condimentum tortor facilisis vel. Fusce at fermentum dolor. Cras in facilisis sapien, eget laoreet neque. Phasellus hendrerit arcu vel nunc luctus pharetra. Praesent pharetra pretium purus, sed consectetur erat pharetra non.",
                                "align_mobile": "justify",
                                "__globals__": {
                                    "text_color": "globals\/colors?id=accent"
                                }
                            },
                            "elements": [],
                            "isInner": false,
                            "widgetType": "text-editor",
                            "elType": "widget"
                        }
                    ],
                    "isInner": false,
                    "elType": "column"
                }
            ],
            "isInner": false,
            "elType": "section"
        },
        {
            "id": "53fc9f",
            "settings": {
                "shape_divider_top_width": {
                    "unit": "%",
                    "size": 200,
                    "sizes": []
                },
                "shape_divider_top_height": {
                    "unit": "px",
                    "size": 50,
                    "sizes": []
                },
                "shape_divider_top_flip": "yes",
                "margin": {
                    "unit": "px",
                    "top": "0",
                    "right": 0,
                    "bottom": "0",
                    "left": 0,
                    "isLinked": false
                },
                "padding": {
                    "unit": "px",
                    "top": "150",
                    "right": "0",
                    "bottom": "150",
                    "left": "0",
                    "isLinked": false
                },
                "__globals__": {
                    "shape_divider_top_color": "globals\/colors?id=bffb171",
                    "background_color": "globals\/colors?id=99b82ae"
                },
                "_title": "Text",
                "padding_tablet": {
                    "unit": "px",
                    "top": "120",
                    "right": "0",
                    "bottom": "120",
                    "left": "0",
                    "isLinked": false
                },
                "padding_mobile": {
                    "unit": "px",
                    "top": "90",
                    "right": "0",
                    "bottom": "90",
                    "left": "0",
                    "isLinked": false
                },
                "background_background": "classic",
                "shape_divider_top": "waves",
                "shape_divider_bottom": "waves",
                "shape_divider_bottom_width": {
                    "unit": "%",
                    "size": 200,
                    "sizes": []
                },
                "shape_divider_bottom_height": {
                    "unit": "px",
                    "size": 50,
                    "sizes": []
                },
                "shape_divider_bottom_flip": "yes"
            },
            "elements": [
                {
                    "id": "7980007e",
                    "settings": {
                        "_column_size": 100,
                        "_inline_size": null,
                        "margin": {
                            "unit": "px",
                            "top": "0",
                            "right": "0",
                            "bottom": "0",
                            "left": "0",
                            "isLinked": false
                        },
                        "padding": {
                            "unit": "px",
                            "top": "0",
                            "right": "100",
                            "bottom": "0",
                            "left": "100",
                            "isLinked": false
                        },
                        "padding_tablet": {
                            "unit": "px",
                            "top": "0",
                            "right": "80",
                            "bottom": "0",
                            "left": "80",
                            "isLinked": false
                        },
                        "padding_mobile": {
                            "unit": "px",
                            "top": "0",
                            "right": "30",
                            "bottom": "0",
                            "left": "30",
                            "isLinked": false
                        }
                    },
                    "elements": [
                        {
                            "id": "8c06bb2",
                            "settings": {
                                "title": "Content",
                                "__globals__": {
                                    "title_color": "globals\/colors?id=text"
                                },
                                "header_size": "h4",
                                "align": "center",
                                "_animation": "fadeIn"
                            },
                            "elements": [],
                            "isInner": false,
                            "widgetType": "heading",
                            "elType": "widget"
                        },
                        {
                            "id": "4bacdeec",
                            "settings": {
                                "space": {
                                    "unit": "px",
                                    "size": 10,
                                    "sizes": []
                                }
                            },
                            "elements": [],
                            "isInner": false,
                            "widgetType": "spacer",
                            "elType": "widget"
                        },
                        {
                            "id": "5a478d22",
                            "settings": {
                                "title": "30 Days to Learn It",
                                "__globals__": {
                                    "title_color": "globals\/colors?id=primary"
                                },
                                "align": "center",
                                "_animation": "fadeIn",
                                "_animation_delay": 200
                            },
                            "elements": [],
                            "isInner": false,
                            "widgetType": "heading",
                            "elType": "widget"
                        },
                        {
                            "id": "558b045c",
                            "settings": {
                                "width": {
                                    "unit": "px",
                                    "size": 80,
                                    "sizes": []
                                },
                                "text": "Divider",
                                "weight": {
                                    "unit": "px",
                                    "size": 3,
                                    "sizes": []
                                },
                                "gap": {
                                    "unit": "px",
                                    "size": 20,
                                    "sizes": []
                                },
                                "__globals__": {
                                    "color": "globals\/colors?id=primary"
                                },
                                "align": "center",
                                "_animation": "fadeIn",
                                "_animation_delay": 400
                            },
                            "elements": [],
                            "isInner": false,
                            "widgetType": "divider",
                            "elType": "widget"
                        },
                        {
                            "id": "721ea9c4",
                            "settings": {
                                "editor": "<h6>Nam finibus ipsum eu elit scelerisque, vitae blandit purus sollicitudin. Vestibulum turpis ligula, vestibulum eu sapien vulputate, maximus dictum lacus.<\/h6>",
                                "align": "center",
                                "__globals__": {
                                    "text_color": "globals\/colors?id=accent"
                                }
                            },
                            "elements": [],
                            "isInner": false,
                            "widgetType": "text-editor",
                            "elType": "widget"
                        },
                        {
                            "id": "5d3963b4",
                            "settings": {
                                "editor": "<p>Mauris non laoreet mauris. Ut ut justo ac sem sagittis sodales at in sapien. Phasellus mollis elit vitae sapien lobortis lobortis. Maecenas velit nunc, facilisis ut convallis et, varius quis mauris. Orci varius natoque penatibus et magnis dis parturient montes, nascetur ridiculus mus.<\/p><p>Maecenas tristique, quam at ultrices consequat, ex ex sodales ante, non volutpat odio est vitae massa. Duis eu nibh elit. Curabitur posuere et felis efficitur tincidunt. Nullam eu enim mauris. Cras finibus, enim viverra tempus lacinia, velit dui vehicula urna, vitae fringilla est lectus sed sapien. Vivamus ex elit, suscipit sed fermentum lacinia, dictum ut sem. Nunc convallis, ipsum sed viverra tempor, ex velit sagittis erat, eu fringilla quam sem eget neque. Nullam ullamcorper est ac ex congue ultricies. Suspendisse vitae quam dui. Nunc finibus tortor eget placerat fermentum. Donec ullamcorper tempor sollicitudin.<\/p>",
                                "align": "center",
                                "__globals__": {
                                    "text_color": "globals\/colors?id=accent"
                                }
                            },
                            "elements": [],
                            "isInner": false,
                            "widgetType": "text-editor",
                            "elType": "widget"
                        }
                    ],
                    "isInner": false,
                    "elType": "column"
                }
            ],
            "isInner": false,
            "elType": "section"
        },
        {
            "id": "547ab688",
            "settings": {
                "structure": "20",
                "margin": {
                    "unit": "px",
                    "top": "0",
                    "right": 0,
                    "bottom": "0",
                    "left": 0,
                    "isLinked": false
                },
                "padding": {
                    "unit": "px",
                    "top": "150",
                    "right": "0",
                    "bottom": "150",
                    "left": "0",
                    "isLinked": false
                },
                "_title": "Text + Img",
                "padding_tablet": {
                    "unit": "px",
                    "top": "120",
                    "right": "0",
                    "bottom": "120",
                    "left": "0",
                    "isLinked": false
                },
                "padding_mobile": {
                    "unit": "px",
                    "top": "90",
                    "right": "0",
                    "bottom": "90",
                    "left": "0",
                    "isLinked": false
                }
            },
            "elements": [
                {
                    "id": "ea1ba3c",
                    "settings": {
                        "_column_size": 50,
                        "_inline_size": 60,
                        "margin": {
                            "unit": "px",
                            "top": "0",
                            "right": "0",
                            "bottom": "0",
                            "left": "0",
                            "isLinked": false
                        },
                        "padding": {
                            "unit": "px",
                            "top": "0",
                            "right": "50",
                            "bottom": "0",
                            "left": "0",
                            "isLinked": false
                        },
                        "content_position": "center",
                        "padding_tablet": {
                            "unit": "px",
                            "top": "0",
                            "right": "40",
                            "bottom": "0",
                            "left": "30",
                            "isLinked": false
                        },
                        "margin_mobile": {
                            "unit": "px",
                            "top": "0",
                            "right": "0",
                            "bottom": "0",
                            "left": "0",
                            "isLinked": false
                        },
                        "padding_mobile": {
                            "unit": "px",
                            "top": "0",
                            "right": "30",
                            "bottom": "0",
                            "left": "30",
                            "isLinked": false
                        }
                    },
                    "elements": [
                        {
                            "id": "9c0fd43",
                            "settings": {
                                "title": "AI at the edge: ",
                                "__globals__": {
                                    "title_color": "globals\/colors?id=primary"
                                },
                                "_animation": "fadeInLeft",
                                "align_mobile": "center"
                            },
                            "elements": [],
                            "isInner": false,
                            "widgetType": "heading",
                            "elType": "widget"
                        },
                        {
                            "id": "2d856239",
                            "settings": {
                                "title": "Specialization path",
                                "__globals__": {
                                    "title_color": "globals\/colors?id=text"
                                },
                                "_animation": "fadeInLeft",
                                "_animation_delay": 200,
                                "align_mobile": "center"
                            },
                            "elements": [],
                            "isInner": false,
                            "widgetType": "heading",
                            "elType": "widget"
                        },
                        {
                            "id": "5ab71efa",
                            "settings": {
                                "width": {
                                    "unit": "px",
                                    "size": 80,
                                    "sizes": []
                                },
                                "text": "Divider",
                                "weight": {
                                    "unit": "px",
                                    "size": 3,
                                    "sizes": []
                                },
                                "gap": {
                                    "unit": "px",
                                    "size": 20,
                                    "sizes": []
                                },
                                "__globals__": {
                                    "color": "globals\/colors?id=primary"
                                },
                                "_animation": "fadeInLeft",
                                "_animation_delay": 400,
                                "align_mobile": "center"
                            },
                            "elements": [],
                            "isInner": false,
                            "widgetType": "divider",
                            "elType": "widget"
                        },
                        {
                            "id": "6f24c204",
                            "settings": {
                                "space": {
                                    "unit": "px",
                                    "size": 30,
                                    "sizes": []
                                },
                                "space_tablet": {
                                    "unit": "px",
                                    "size": 20,
                                    "sizes": []
                                }
                            },
                            "elements": [],
                            "isInner": false,
                            "widgetType": "spacer",
                            "elType": "widget"
                        },
                        {
                            "id": "76c75828",
                            "settings": {
                                "editor": "<h6>Curabitur ultricies, lorem non tristique faucibus, quam justo vulputate lacus, eu tempus sem nibh pretium neque. Duis aliquam iaculis venenatis.<\/h6>",
                                "align_mobile": "justify",
                                "__globals__": {
                                    "text_color": "globals\/colors?id=accent"
                                }
                            },
                            "elements": [],
                            "isInner": false,
                            "widgetType": "text-editor",
                            "elType": "widget"
                        },
                        {
                            "id": "6f2f53c0",
                            "settings": {
                                "editor": "Lorem ipsum dolor sit amet, consectetur adipiscing elit. Quisque convallis vulputate mauris, eget condimentum tortor facilisis vel. Fusce at fermentum dolor. Cras in facilisis sapien, eget laoreet neque. Phasellus hendrerit arcu vel nunc luctus pharetra. Praesent pharetra pretium purus, sed consectetur erat pharetra non.",
                                "align_mobile": "justify",
                                "__globals__": {
                                    "text_color": "globals\/colors?id=accent"
                                }
                            },
                            "elements": [],
                            "isInner": false,
                            "widgetType": "text-editor",
                            "elType": "widget"
                        }
                    ],
                    "isInner": false,
                    "elType": "column"
                },
                {
                    "id": "2499dcd5",
                    "settings": {
                        "_column_size": 50,
                        "_inline_size": 40,
                        "margin": {
                            "unit": "px",
                            "top": "0",
                            "right": "0",
                            "bottom": "0",
                            "left": "0",
                            "isLinked": false
                        },
                        "padding": {
                            "unit": "px",
                            "top": "0",
                            "right": "0",
                            "bottom": "0",
                            "left": "0",
                            "isLinked": false
                        },
                        "content_position": "center",
                        "background_background": "classic",
                        "background_image": {
                            "url": "https:\/\/a.catand.us\/akademy\/wp-content\/uploads\/sites\/15\/2021\/08\/concentrated-on-coding-process-8A23RDL.jpg",
                            "id": 792,
                            "alt": "",
                            "source": "library"
                        },
                        "background_position": "center center",
                        "background_repeat": "no-repeat",
                        "background_size": "cover",
                        "border_radius": {
                            "unit": "px",
                            "top": "10",
                            "right": "10",
                            "bottom": "10",
                            "left": "10",
                            "isLinked": true
                        },
                        "animation": "fadeInRight",
                        "margin_tablet": {
                            "unit": "px",
                            "top": "0",
                            "right": "20",
                            "bottom": "0",
                            "left": "0",
                            "isLinked": false
                        },
                        "margin_mobile": {
                            "unit": "px",
                            "top": "50",
                            "right": "30",
                            "bottom": "0",
                            "left": "30",
                            "isLinked": false
                        },
                        "padding_mobile": {
                            "unit": "px",
                            "top": "100",
                            "right": "0",
                            "bottom": "100",
                            "left": "0",
                            "isLinked": false
                        },
                        "animation_delay": 600
                    },
                    "elements": [
                        {
                            "id": "7e5ffb70",
                            "settings": {
                                "space": {
                                    "unit": "px",
                                    "size": 10,
                                    "sizes": []
                                }
                            },
                            "elements": [],
                            "isInner": false,
                            "widgetType": "spacer",
                            "elType": "widget"
                        }
                    ],
                    "isInner": false,
                    "elType": "column"
                }
            ],
            "isInner": false,
            "elType": "section"
        },
        {
            "id": "1543cbb",
            "settings": {
                "shape_divider_top_width": {
                    "unit": "%",
                    "size": 200,
                    "sizes": []
                },
                "shape_divider_top_height": {
                    "unit": "px",
                    "size": 50,
                    "sizes": []
                },
                "shape_divider_top_flip": "yes",
                "margin": {
                    "unit": "px",
                    "top": "0",
                    "right": 0,
                    "bottom": "0",
                    "left": 0,
                    "isLinked": false
                },
                "padding": {
                    "unit": "px",
                    "top": "150",
                    "right": "0",
                    "bottom": "150",
                    "left": "0",
                    "isLinked": false
                },
                "__globals__": {
                    "shape_divider_top_color": "globals\/colors?id=bffb171",
                    "background_color": "globals\/colors?id=99b82ae"
                },
                "_title": "Video",
                "padding_tablet": {
                    "unit": "px",
                    "top": "120",
                    "right": "0",
                    "bottom": "120",
                    "left": "0",
                    "isLinked": false
                },
                "padding_mobile": {
                    "unit": "px",
                    "top": "90",
                    "right": "0",
                    "bottom": "90",
                    "left": "0",
                    "isLinked": false
                },
                "background_background": "classic",
                "shape_divider_top": "waves",
                "shape_divider_bottom_width": {
                    "unit": "%",
                    "size": 200,
                    "sizes": []
                },
                "shape_divider_bottom_height": {
                    "unit": "px",
                    "size": 50,
                    "sizes": []
                },
                "shape_divider_bottom_flip": "yes"
            },
            "elements": [
                {
                    "id": "3440438e",
                    "settings": {
                        "_column_size": 100,
                        "_inline_size": null,
                        "margin": {
                            "unit": "px",
                            "top": "0",
                            "right": "0",
                            "bottom": "0",
                            "left": "0",
                            "isLinked": false
                        },
                        "padding": {
                            "unit": "px",
                            "top": "0",
                            "right": "100",
                            "bottom": "0",
                            "left": "100",
                            "isLinked": false
                        },
                        "padding_tablet": {
                            "unit": "px",
                            "top": "0",
                            "right": "80",
                            "bottom": "0",
                            "left": "80",
                            "isLinked": false
                        },
                        "padding_mobile": {
                            "unit": "px",
                            "top": "0",
                            "right": "30",
                            "bottom": "0",
                            "left": "30",
                            "isLinked": false
                        }
                    },
                    "elements": [
                        {
                            "id": "21fa7810",
                            "settings": {
                                "title": "Video",
                                "__globals__": {
                                    "title_color": "globals\/colors?id=text"
                                },
                                "header_size": "h4",
                                "align": "center",
                                "_animation": "fadeIn"
                            },
                            "elements": [],
                            "isInner": false,
                            "widgetType": "heading",
                            "elType": "widget"
                        },
                        {
                            "id": "77e5a824",
                            "settings": {
                                "space": {
                                    "unit": "px",
                                    "size": 10,
                                    "sizes": []
                                }
                            },
                            "elements": [],
                            "isInner": false,
                            "widgetType": "spacer",
                            "elType": "widget"
                        },
                        {
                            "id": "78a37406",
                            "settings": {
                                "title": "Tech Guy Interview",
                                "__globals__": {
                                    "title_color": "globals\/colors?id=primary"
                                },
                                "align": "center",
                                "_animation": "fadeIn",
                                "_animation_delay": 200
                            },
                            "elements": [],
                            "isInner": false,
                            "widgetType": "heading",
                            "elType": "widget"
                        },
                        {
                            "id": "37bbe4c4",
                            "settings": {
                                "width": {
                                    "unit": "px",
                                    "size": 80,
                                    "sizes": []
                                },
                                "text": "Divider",
                                "weight": {
                                    "unit": "px",
                                    "size": 3,
                                    "sizes": []
                                },
                                "gap": {
                                    "unit": "px",
                                    "size": 20,
                                    "sizes": []
                                },
                                "__globals__": {
                                    "color": "globals\/colors?id=primary"
                                },
                                "align": "center",
                                "_animation": "fadeIn",
                                "_animation_delay": 400
                            },
                            "elements": [],
                            "isInner": false,
                            "widgetType": "divider",
                            "elType": "widget"
                        },
                        {
                            "id": "50038be5",
                            "settings": {
                                "editor": "<h6>Pellentesque tristique hendrerit ligula sed tincidunt. Phasellus eget neque sit amet nisl porttitor vulputate vel semper magna.<\/h6>",
                                "align": "center",
                                "__globals__": {
                                    "text_color": "globals\/colors?id=accent"
                                }
                            },
                            "elements": [],
                            "isInner": false,
                            "widgetType": "text-editor",
                            "elType": "widget"
                        },
                        {
                            "id": "54036ffe",
                            "settings": {
                                "space": {
                                    "unit": "px",
                                    "size": 30,
                                    "sizes": []
                                },
                                "space_tablet": {
                                    "unit": "px",
                                    "size": 20,
                                    "sizes": []
                                }
                            },
                            "elements": [],
                            "isInner": false,
                            "widgetType": "spacer",
                            "elType": "widget"
                        },
                        {
                            "id": "15d45518",
                            "settings": {
                                "youtube_url": "https:\/\/www.youtube.com\/watch?v=XHOmBV4js_E",
                                "vimeo_url": "https:\/\/vimeo.com\/235215203",
                                "dailymotion_url": "https:\/\/www.dailymotion.com\/video\/x6tqhqb",
                                "_animation": "fadeInUp",
                                "_animation_delay": 600,
                                "show_image_overlay": "yes",
                                "image_overlay": {
                                    "url": "https:\/\/a.catand.us\/akademy\/wp-content\/uploads\/sites\/15\/2021\/08\/concluding-deal-with-coding-company-XS7RMTL.jpg",
                                    "id": 1038,
                                    "alt": "",
                                    "source": "library"
                                },
                                "_border_radius": {
                                    "unit": "px",
                                    "top": "10",
                                    "right": "10",
                                    "bottom": "10",
                                    "left": "10",
                                    "isLinked": true
                                }
                            },
                            "elements": [],
                            "isInner": false,
                            "widgetType": "video",
                            "elType": "widget"
                        }
                    ],
                    "isInner": false,
                    "elType": "column"
                }
            ],
            "isInner": false,
            "elType": "section"
        }
    ],
    "page_settings": {
        "eael_ext_toc_title": "Table of Contents"
    }
}