{
    "version": "0.4",
    "title": "Page \u2013 Course Details",
    "type": "page",
    "metadata": {
        "template_type": "single-page",
        "include_in_zip": "1",
        "elementor_pro_required": null,
        "wp_page_template": "default"
    },
    "content": [
        {
            "id": "49ab076f",
            "settings": {
                "background_background": "classic",
                "background_image": {
                    "url": "https:\/\/a.catand.us\/akademy\/wp-content\/uploads\/sites\/15\/2021\/08\/hands-of-contemporary-programmer-over-keypad-durin-9VJ4PNA.jpg",
                    "id": 1010,
                    "alt": "",
                    "source": "library"
                },
                "background_position": "center center",
                "background_attachment": "fixed",
                "background_repeat": "no-repeat",
                "background_size": "cover",
                "background_overlay_background": "classic",
                "margin": {
                    "unit": "px",
                    "top": "-105",
                    "right": 0,
                    "bottom": "0",
                    "left": 0,
                    "isLinked": false
                },
                "padding": {
                    "unit": "px",
                    "top": "150",
                    "right": "0",
                    "bottom": "50",
                    "left": "0",
                    "isLinked": false
                },
                "background_overlay_opacity": {
                    "unit": "px",
                    "size": 0.75,
                    "sizes": []
                },
                "__globals__": {
                    "background_overlay_color": "globals\/colors?id=text",
                    "shape_divider_bottom_color": "globals\/colors?id=bffb171"
                },
                "_title": "Banner",
                "structure": "20",
                "shape_divider_bottom": "waves",
                "shape_divider_bottom_width": {
                    "unit": "%",
                    "size": 200,
                    "sizes": []
                },
                "shape_divider_bottom_height": {
                    "unit": "px",
                    "size": 50,
                    "sizes": []
                },
                "shape_divider_bottom_flip": "yes",
                "margin_tablet": {
                    "unit": "px",
                    "top": "-105",
                    "right": 0,
                    "bottom": "0",
                    "left": 0,
                    "isLinked": false
                },
                "padding_tablet": {
                    "unit": "px",
                    "top": "150",
                    "right": "0",
                    "bottom": "50",
                    "left": "0",
                    "isLinked": false
                },
                "margin_mobile": {
                    "unit": "px",
                    "top": "-150",
                    "right": 0,
                    "bottom": "0",
                    "left": 0,
                    "isLinked": false
                },
                "padding_mobile": {
                    "unit": "px",
                    "top": "200",
                    "right": "0",
                    "bottom": "40",
                    "left": "0",
                    "isLinked": false
                }
            },
            "elements": [
                {
                    "id": "7e11fd0b",
                    "settings": {
                        "_column_size": 50,
                        "_inline_size": 65,
                        "margin": {
                            "unit": "px",
                            "top": "0",
                            "right": "0",
                            "bottom": "0",
                            "left": "0",
                            "isLinked": false
                        },
                        "padding": {
                            "unit": "px",
                            "top": "70",
                            "right": "0",
                            "bottom": "0",
                            "left": "0",
                            "isLinked": false
                        },
                        "_inline_size_tablet": 60,
                        "padding_tablet": {
                            "unit": "px",
                            "top": "60",
                            "right": "0",
                            "bottom": "0",
                            "left": "30",
                            "isLinked": false
                        },
                        "_inline_size_mobile": 100,
                        "padding_mobile": {
                            "unit": "px",
                            "top": "0",
                            "right": "30",
                            "bottom": "0",
                            "left": "30",
                            "isLinked": false
                        }
                    },
                    "elements": [
                        {
                            "id": "732d1a04",
                            "settings": {
                                "title": "Course",
                                "header_size": "h1",
                                "__globals__": {
                                    "title_color": "globals\/colors?id=primary"
                                },
                                "_animation": "fadeInLeft",
                                "align_mobile": "center"
                            },
                            "elements": [],
                            "isInner": false,
                            "widgetType": "heading",
                            "elType": "widget"
                        },
                        {
                            "id": "23123b33",
                            "settings": {
                                "title": " Index",
                                "header_size": "h1",
                                "title_color": "#FFFFFF",
                                "typography_font_family": "Rubik",
                                "typography_font_weight": "500",
                                "typography_line_height": {
                                    "unit": "em",
                                    "size": 1,
                                    "sizes": []
                                },
                                "__globals__": {
                                    "title_color": "globals\/colors?id=bffb171",
                                    "typography_typography": ""
                                },
                                "_animation": "fadeInLeft",
                                "_animation_delay": 200,
                                "align_mobile": "center"
                            },
                            "elements": [],
                            "isInner": false,
                            "widgetType": "heading",
                            "elType": "widget"
                        },
                        {
                            "id": "4724d847",
                            "settings": {
                                "width": {
                                    "unit": "px",
                                    "size": 80,
                                    "sizes": []
                                },
                                "text": "Divider",
                                "weight": {
                                    "unit": "px",
                                    "size": 3,
                                    "sizes": []
                                },
                                "gap": {
                                    "unit": "px",
                                    "size": 20,
                                    "sizes": []
                                },
                                "__globals__": {
                                    "color": "globals\/colors?id=bffb171"
                                },
                                "align_mobile": "center",
                                "_animation": "fadeInLeft",
                                "_animation_delay": 400
                            },
                            "elements": [],
                            "isInner": false,
                            "widgetType": "divider",
                            "elType": "widget"
                        }
                    ],
                    "isInner": false,
                    "elType": "column"
                },
                {
                    "id": "4db7005c",
                    "settings": {
                        "_column_size": 50,
                        "_inline_size": 35,
                        "margin": {
                            "unit": "px",
                            "top": "0",
                            "right": "0",
                            "bottom": "-80",
                            "left": "50",
                            "isLinked": false
                        },
                        "padding": {
                            "unit": "px",
                            "top": "50",
                            "right": "50",
                            "bottom": "40",
                            "left": "50",
                            "isLinked": false
                        },
                        "align": "center",
                        "background_background": "gradient",
                        "background_gradient_angle": {
                            "unit": "deg",
                            "size": 160,
                            "sizes": []
                        },
                        "border_radius": {
                            "unit": "px",
                            "top": "10",
                            "right": "10",
                            "bottom": "10",
                            "left": "10",
                            "isLinked": true
                        },
                        "box_shadow_box_shadow_type": "yes",
                        "box_shadow_box_shadow": {
                            "horizontal": 0,
                            "vertical": 0,
                            "blur": 10,
                            "spread": 0,
                            "color": "rgba(0, 0, 0, 0.3)"
                        },
                        "z_index": 9,
                        "__globals__": {
                            "background_color": "globals\/colors?id=primary",
                            "background_color_b": "globals\/colors?id=text"
                        },
                        "animation": "fadeInRight",
                        "animation_delay": 600,
                        "_inline_size_tablet": 40,
                        "background_gradient_position": "top left",
                        "margin_tablet": {
                            "unit": "px",
                            "top": "0",
                            "right": "20",
                            "bottom": "-70",
                            "left": "20",
                            "isLinked": false
                        },
                        "padding_tablet": {
                            "unit": "px",
                            "top": "40",
                            "right": "30",
                            "bottom": "30",
                            "left": "30",
                            "isLinked": false
                        },
                        "_inline_size_mobile": 100,
                        "background_color_stop": {
                            "unit": "%",
                            "size": 5,
                            "sizes": []
                        },
                        "background_color_b": "#25356F",
                        "margin_mobile": {
                            "unit": "px",
                            "top": "30",
                            "right": "30",
                            "bottom": "-60",
                            "left": "30",
                            "isLinked": false
                        },
                        "padding_mobile": {
                            "unit": "px",
                            "top": "40",
                            "right": "20",
                            "bottom": "30",
                            "left": "20",
                            "isLinked": false
                        }
                    },
                    "elements": [
                        {
                            "id": "6ce667ca",
                            "settings": {
                                "title": "Membership",
                                "header_size": "h3",
                                "align": "center",
                                "title_color": "#FFFFFF",
                                "typography_font_family": "Comfortaa",
                                "typography_font_weight": "700",
                                "_margin": {
                                    "unit": "px",
                                    "top": "0",
                                    "right": "0",
                                    "bottom": "0",
                                    "left": "0",
                                    "isLinked": false
                                },
                                "_padding": {
                                    "unit": "px",
                                    "top": "0",
                                    "right": "0",
                                    "bottom": "0",
                                    "left": "0",
                                    "isLinked": false
                                },
                                "__globals__": {
                                    "title_color": "globals\/colors?id=bffb171",
                                    "typography_typography": ""
                                }
                            },
                            "elements": [],
                            "isInner": false,
                            "widgetType": "heading",
                            "elType": "widget"
                        },
                        {
                            "id": "20bfc6a5",
                            "settings": {
                                "width": {
                                    "unit": "px",
                                    "size": 80,
                                    "sizes": []
                                },
                                "align": "center",
                                "text": "Divider",
                                "weight": {
                                    "unit": "px",
                                    "size": 3,
                                    "sizes": []
                                },
                                "gap": {
                                    "unit": "px",
                                    "size": 20,
                                    "sizes": []
                                },
                                "__globals__": {
                                    "color": "globals\/colors?id=7a682e9"
                                }
                            },
                            "elements": [],
                            "isInner": false,
                            "widgetType": "divider",
                            "elType": "widget"
                        },
                        {
                            "id": "20f7ba9d",
                            "settings": {
                                "title": "$49",
                                "header_size": "h1",
                                "title_color": "#FFFFFF",
                                "typography_font_family": "Rubik",
                                "typography_font_weight": "500",
                                "typography_line_height": {
                                    "unit": "em",
                                    "size": 1,
                                    "sizes": []
                                },
                                "__globals__": {
                                    "title_color": "globals\/colors?id=bffb171",
                                    "typography_typography": ""
                                },
                                "_animation": "fadeInLeft",
                                "_animation_delay": 200,
                                "align": "center"
                            },
                            "elements": [],
                            "isInner": false,
                            "widgetType": "heading",
                            "elType": "widget"
                        },
                        {
                            "id": "476f8514",
                            "settings": {
                                "space": {
                                    "unit": "px",
                                    "size": 15,
                                    "sizes": []
                                }
                            },
                            "elements": [],
                            "isInner": false,
                            "widgetType": "spacer",
                            "elType": "widget"
                        },
                        {
                            "id": "7b51d42e",
                            "settings": {
                                "title": "Per Month",
                                "header_size": "h5",
                                "align": "center",
                                "title_color": "#FFFFFF",
                                "typography_font_family": "Rubik",
                                "typography_font_weight": "700",
                                "typography_line_height": {
                                    "unit": "em",
                                    "size": 1,
                                    "sizes": []
                                },
                                "_margin": {
                                    "unit": "px",
                                    "top": "0",
                                    "right": "0",
                                    "bottom": "0",
                                    "left": "0",
                                    "isLinked": false
                                },
                                "_padding": {
                                    "unit": "px",
                                    "top": "0",
                                    "right": "0",
                                    "bottom": "0",
                                    "left": "0",
                                    "isLinked": false
                                },
                                "__globals__": {
                                    "title_color": "globals\/colors?id=bffb171",
                                    "typography_typography": ""
                                }
                            },
                            "elements": [],
                            "isInner": false,
                            "widgetType": "heading",
                            "elType": "widget"
                        },
                        {
                            "id": "748b8e36",
                            "settings": {
                                "space": {
                                    "unit": "px",
                                    "size": 5,
                                    "sizes": []
                                }
                            },
                            "elements": [],
                            "isInner": false,
                            "widgetType": "spacer",
                            "elType": "widget"
                        },
                        {
                            "id": "1ba6baa1",
                            "settings": {
                                "title": "All Courses Access",
                                "header_size": "div",
                                "align": "center",
                                "title_color": "#FFFFFF",
                                "typography_font_family": "Rubik",
                                "typography_font_weight": "700",
                                "typography_line_height": {
                                    "unit": "em",
                                    "size": 1,
                                    "sizes": []
                                },
                                "_margin": {
                                    "unit": "px",
                                    "top": "0",
                                    "right": "0",
                                    "bottom": "0",
                                    "left": "0",
                                    "isLinked": false
                                },
                                "_padding": {
                                    "unit": "px",
                                    "top": "0",
                                    "right": "0",
                                    "bottom": "0",
                                    "left": "0",
                                    "isLinked": false
                                },
                                "__globals__": {
                                    "title_color": "globals\/colors?id=bffb171",
                                    "typography_typography": ""
                                }
                            },
                            "elements": [],
                            "isInner": false,
                            "widgetType": "heading",
                            "elType": "widget"
                        },
                        {
                            "id": "30dfd2f5",
                            "settings": {
                                "space_mobile": {
                                    "unit": "px",
                                    "size": 30,
                                    "sizes": []
                                },
                                "space": {
                                    "unit": "px",
                                    "size": 20,
                                    "sizes": []
                                }
                            },
                            "elements": [],
                            "isInner": false,
                            "widgetType": "spacer",
                            "elType": "widget"
                        },
                        {
                            "id": "82f5c5b",
                            "settings": {
                                "text": "Sign Up Now",
                                "align": "justify",
                                "icon_indent": {
                                    "unit": "px",
                                    "size": 0,
                                    "sizes": []
                                },
                                "button_background_hover_color": "#00A8F1",
                                "border_radius": {
                                    "unit": "px",
                                    "top": "50",
                                    "right": "50",
                                    "bottom": "50",
                                    "left": "50",
                                    "isLinked": true
                                },
                                "text_padding": {
                                    "unit": "px",
                                    "top": "20",
                                    "right": "40",
                                    "bottom": "20",
                                    "left": "40",
                                    "isLinked": false
                                },
                                "__globals__": {
                                    "background_color": "globals\/colors?id=7a682e9",
                                    "button_text_color": "globals\/colors?id=bffb171",
                                    "button_background_hover_color": "globals\/colors?id=primary",
                                    "hover_color": "globals\/colors?id=bffb171",
                                    "typography_typography": ""
                                },
                                "typography_font_family": "Rubik",
                                "typography_font_weight": "500",
                                "button_text_color": "#FFFFFF",
                                "background_color": "#F3BD04",
                                "hover_color": "#FFFFFF"
                            },
                            "elements": [],
                            "isInner": false,
                            "widgetType": "button",
                            "elType": "widget"
                        }
                    ],
                    "isInner": false,
                    "elType": "column"
                }
            ],
            "isInner": false,
            "elType": "section"
        },
        {
            "id": "2ae8390a",
            "settings": {
                "structure": "20",
                "margin": {
                    "unit": "px",
                    "top": "0",
                    "right": 0,
                    "bottom": "0",
                    "left": 0,
                    "isLinked": false
                },
                "padding": {
                    "unit": "px",
                    "top": "150",
                    "right": "0",
                    "bottom": "150",
                    "left": "0",
                    "isLinked": false
                },
                "_title": "Text + Video",
                "padding_tablet": {
                    "unit": "px",
                    "top": "120",
                    "right": "0",
                    "bottom": "120",
                    "left": "0",
                    "isLinked": false
                },
                "padding_mobile": {
                    "unit": "px",
                    "top": "120",
                    "right": "0",
                    "bottom": "90",
                    "left": "0",
                    "isLinked": false
                }
            },
            "elements": [
                {
                    "id": "681145b0",
                    "settings": {
                        "_column_size": 50,
                        "_inline_size": 60,
                        "margin": {
                            "unit": "px",
                            "top": "0",
                            "right": "0",
                            "bottom": "0",
                            "left": "0",
                            "isLinked": false
                        },
                        "padding": {
                            "unit": "px",
                            "top": "0",
                            "right": "50",
                            "bottom": "0",
                            "left": "0",
                            "isLinked": false
                        },
                        "content_position": "center",
                        "padding_tablet": {
                            "unit": "px",
                            "top": "0",
                            "right": "30",
                            "bottom": "0",
                            "left": "40",
                            "isLinked": false
                        },
                        "margin_mobile": {
                            "unit": "px",
                            "top": "0",
                            "right": "0",
                            "bottom": "0",
                            "left": "0",
                            "isLinked": false
                        },
                        "padding_mobile": {
                            "unit": "px",
                            "top": "50",
                            "right": "30",
                            "bottom": "0",
                            "left": "30",
                            "isLinked": false
                        }
                    },
                    "elements": [
                        {
                            "id": "7169817a",
                            "settings": {
                                "title": "Basic Course",
                                "__globals__": {
                                    "title_color": "globals\/colors?id=text"
                                },
                                "header_size": "h4",
                                "_animation": "fadeInLeft",
                                "align_mobile": "center"
                            },
                            "elements": [],
                            "isInner": false,
                            "widgetType": "heading",
                            "elType": "widget"
                        },
                        {
                            "id": "48af4e5f",
                            "settings": {
                                "space": {
                                    "unit": "px",
                                    "size": 10,
                                    "sizes": []
                                }
                            },
                            "elements": [],
                            "isInner": false,
                            "widgetType": "spacer",
                            "elType": "widget"
                        },
                        {
                            "id": "173100ce",
                            "settings": {
                                "title": "Cloud Computing",
                                "__globals__": {
                                    "title_color": "globals\/colors?id=primary"
                                },
                                "align": "left",
                                "_animation": "fadeInLeft",
                                "_animation_delay": 200,
                                "align_mobile": "center"
                            },
                            "elements": [],
                            "isInner": false,
                            "widgetType": "heading",
                            "elType": "widget"
                        },
                        {
                            "id": "1faaf1cf",
                            "settings": {
                                "title": "Foundations",
                                "__globals__": {
                                    "title_color": "globals\/colors?id=text"
                                },
                                "align": "left",
                                "_animation": "fadeInLeft",
                                "_animation_delay": 400,
                                "align_mobile": "center"
                            },
                            "elements": [],
                            "isInner": false,
                            "widgetType": "heading",
                            "elType": "widget"
                        },
                        {
                            "id": "195ffffa",
                            "settings": {
                                "width": {
                                    "unit": "px",
                                    "size": 80,
                                    "sizes": []
                                },
                                "text": "Divider",
                                "weight": {
                                    "unit": "px",
                                    "size": 3,
                                    "sizes": []
                                },
                                "gap": {
                                    "unit": "px",
                                    "size": 20,
                                    "sizes": []
                                },
                                "__globals__": {
                                    "color": "globals\/colors?id=primary"
                                },
                                "align": "left",
                                "_animation": "fadeInLeft",
                                "_animation_delay": 600,
                                "align_mobile": "center"
                            },
                            "elements": [],
                            "isInner": false,
                            "widgetType": "divider",
                            "elType": "widget"
                        },
                        {
                            "id": "515f9f52",
                            "settings": {
                                "space": {
                                    "unit": "px",
                                    "size": 30,
                                    "sizes": []
                                },
                                "space_tablet": {
                                    "unit": "px",
                                    "size": 20,
                                    "sizes": []
                                }
                            },
                            "elements": [],
                            "isInner": false,
                            "widgetType": "spacer",
                            "elType": "widget"
                        },
                        {
                            "id": "5f7fe8f5",
                            "settings": {
                                "editor": "<h6>Mauris non laoreet mauris. Ut ut justo ac sem sagittis sodales at in sapien.<\/h6>",
                                "align_mobile": "justify",
                                "__globals__": {
                                    "text_color": "globals\/colors?id=accent"
                                }
                            },
                            "elements": [],
                            "isInner": false,
                            "widgetType": "text-editor",
                            "elType": "widget"
                        },
                        {
                            "id": "6a1f1ae2",
                            "settings": {
                                "editor": "Lorem ipsum dolor sit amet, consectetur adipiscing elit. Quisque convallis vulputate mauris, eget condimentum tortor facilisis vel. Fusce at fermentum dolor. Cras in facilisis sapien, eget laoreet neque. Phasellus hendrerit arcu vel nunc luctus pharetra. Praesent pharetra pretium purus, sed consectetur erat pharetra non.",
                                "align_mobile": "justify",
                                "__globals__": {
                                    "text_color": "globals\/colors?id=accent"
                                }
                            },
                            "elements": [],
                            "isInner": false,
                            "widgetType": "text-editor",
                            "elType": "widget"
                        }
                    ],
                    "isInner": false,
                    "elType": "column"
                },
                {
                    "id": "f5cef54",
                    "settings": {
                        "_column_size": 50,
                        "_inline_size": 40,
                        "margin": {
                            "unit": "px",
                            "top": "0",
                            "right": "0",
                            "bottom": "0",
                            "left": "0",
                            "isLinked": false
                        },
                        "padding": {
                            "unit": "px",
                            "top": "0",
                            "right": "0",
                            "bottom": "0",
                            "left": "0",
                            "isLinked": false
                        },
                        "content_position": "center",
                        "background_background": "classic",
                        "background_image": {
                            "url": "",
                            "id": "",
                            "alt": "",
                            "source": "library"
                        },
                        "background_position": "center center",
                        "background_repeat": "no-repeat",
                        "background_size": "cover",
                        "animation": "fadeInRight",
                        "margin_tablet": {
                            "unit": "px",
                            "top": "0",
                            "right": "0",
                            "bottom": "0",
                            "left": "0",
                            "isLinked": false
                        },
                        "margin_mobile": {
                            "unit": "px",
                            "top": "0",
                            "right": "30",
                            "bottom": "0",
                            "left": "30",
                            "isLinked": false
                        },
                        "padding_mobile": {
                            "unit": "px",
                            "top": "50",
                            "right": "0",
                            "bottom": "0",
                            "left": "0",
                            "isLinked": false
                        },
                        "padding_tablet": {
                            "unit": "px",
                            "top": "0",
                            "right": "20",
                            "bottom": "0",
                            "left": "0",
                            "isLinked": false
                        },
                        "animation_delay": 800
                    },
                    "elements": [
                        {
                            "id": "4454ebd4",
                            "settings": {
                                "youtube_url": "https:\/\/www.youtube.com\/watch?v=XHOmBV4js_E",
                                "vimeo_url": "https:\/\/vimeo.com\/235215203",
                                "dailymotion_url": "https:\/\/www.dailymotion.com\/video\/x6tqhqb",
                                "_border_radius": {
                                    "unit": "px",
                                    "top": "10",
                                    "right": "10",
                                    "bottom": "10",
                                    "left": "10",
                                    "isLinked": true
                                },
                                "show_image_overlay": "yes",
                                "image_overlay": {
                                    "url": "https:\/\/a.catand.us\/akademy\/wp-content\/uploads\/sites\/15\/2021\/08\/hands-of-contemporary-programmer-over-keypad-durin-9VJ4PNA.jpg",
                                    "id": 1010,
                                    "alt": "",
                                    "source": "library"
                                }
                            },
                            "elements": [],
                            "isInner": false,
                            "widgetType": "video",
                            "elType": "widget"
                        }
                    ],
                    "isInner": false,
                    "elType": "column"
                }
            ],
            "isInner": false,
            "elType": "section"
        },
        {
            "id": "10287c96",
            "settings": {
                "margin": {
                    "unit": "px",
                    "top": "0",
                    "right": 0,
                    "bottom": "0",
                    "left": 0,
                    "isLinked": false
                },
                "padding": {
                    "unit": "px",
                    "top": "150",
                    "right": "0",
                    "bottom": "150",
                    "left": "0",
                    "isLinked": false
                },
                "structure": "20",
                "background_background": "classic",
                "shape_divider_top": "waves",
                "shape_divider_top_width": {
                    "unit": "%",
                    "size": 200,
                    "sizes": []
                },
                "shape_divider_top_height": {
                    "unit": "px",
                    "size": 50,
                    "sizes": []
                },
                "shape_divider_top_flip": "yes",
                "padding_tablet": {
                    "unit": "px",
                    "top": "120",
                    "right": "0",
                    "bottom": "120",
                    "left": "0",
                    "isLinked": false
                },
                "padding_mobile": {
                    "unit": "px",
                    "top": "90",
                    "right": "0",
                    "bottom": "90",
                    "left": "0",
                    "isLinked": false
                },
                "__globals__": {
                    "background_color": "globals\/colors?id=99b82ae"
                },
                "_title": "Course Index"
            },
            "elements": [
                {
                    "id": "475f613f",
                    "settings": {
                        "_column_size": 50,
                        "_inline_size": 60,
                        "margin": {
                            "unit": "px",
                            "top": "0",
                            "right": "0",
                            "bottom": "0",
                            "left": "0",
                            "isLinked": false
                        },
                        "padding": {
                            "unit": "px",
                            "top": "0",
                            "right": "50",
                            "bottom": "0",
                            "left": "0",
                            "isLinked": false
                        },
                        "padding_tablet": {
                            "unit": "px",
                            "top": "0",
                            "right": "40",
                            "bottom": "0",
                            "left": "30",
                            "isLinked": false
                        },
                        "padding_mobile": {
                            "unit": "px",
                            "top": "0",
                            "right": "30",
                            "bottom": "0",
                            "left": "30",
                            "isLinked": false
                        },
                        "animation": "fadeInLeft"
                    },
                    "elements": [
                        {
                            "id": "340a5941",
                            "settings": {
                                "title": "About",
                                "__globals__": {
                                    "title_color": "globals\/colors?id=primary"
                                },
                                "align": "left",
                                "_animation": "fadeInLeft",
                                "align_mobile": "center"
                            },
                            "elements": [],
                            "isInner": false,
                            "widgetType": "heading",
                            "elType": "widget"
                        },
                        {
                            "id": "3d2d89c0",
                            "settings": {
                                "title": "the course",
                                "__globals__": {
                                    "title_color": "globals\/colors?id=text"
                                },
                                "align": "left",
                                "_animation": "fadeInLeft",
                                "_animation_delay": 200,
                                "align_mobile": "center"
                            },
                            "elements": [],
                            "isInner": false,
                            "widgetType": "heading",
                            "elType": "widget"
                        },
                        {
                            "id": "3a897f46",
                            "settings": {
                                "width": {
                                    "unit": "px",
                                    "size": 80,
                                    "sizes": []
                                },
                                "text": "Divider",
                                "weight": {
                                    "unit": "px",
                                    "size": 3,
                                    "sizes": []
                                },
                                "gap": {
                                    "unit": "px",
                                    "size": 20,
                                    "sizes": []
                                },
                                "__globals__": {
                                    "color": "globals\/colors?id=primary"
                                },
                                "align": "left",
                                "_animation": "fadeInLeft",
                                "_animation_delay": 400,
                                "align_mobile": "center"
                            },
                            "elements": [],
                            "isInner": false,
                            "widgetType": "divider",
                            "elType": "widget"
                        },
                        {
                            "id": "381690a8",
                            "settings": {
                                "space": {
                                    "unit": "px",
                                    "size": 30,
                                    "sizes": []
                                },
                                "space_tablet": {
                                    "unit": "px",
                                    "size": 20,
                                    "sizes": []
                                }
                            },
                            "elements": [],
                            "isInner": false,
                            "widgetType": "spacer",
                            "elType": "widget"
                        },
                        {
                            "id": "1a8464be",
                            "settings": {
                                "editor": "Nam finibus ipsum eu elit scelerisque, vitae blandit purus sollicitudin. Vestibulum turpis ligula, vestibulum eu sapien vulputate, maximus dictum lacus. Mauris aliquet viverra ipsum ut dapibus.",
                                "align_mobile": "justify",
                                "__globals__": {
                                    "text_color": "globals\/colors?id=accent"
                                }
                            },
                            "elements": [],
                            "isInner": false,
                            "widgetType": "text-editor",
                            "elType": "widget"
                        },
                        {
                            "id": "7c8dddf2",
                            "settings": {
                                "space": {
                                    "unit": "px",
                                    "size": 20,
                                    "sizes": []
                                },
                                "space_tablet": {
                                    "unit": "px",
                                    "size": 20,
                                    "sizes": []
                                }
                            },
                            "elements": [],
                            "isInner": false,
                            "widgetType": "spacer",
                            "elType": "widget"
                        },
                        {
                            "id": "42081199",
                            "settings": {
                                "editor": "Proin ut porttitor dolor. Curabitur nunc nisi, pellentesque ac tortor a, accumsan iaculis leo. Ut tristique massa a mauris lobortis scelerisque. Vivamus semper odio ut metus euismod, id hendrerit mi pellentesque. In hac habitasse platea dictumst. Sed pulvinar sagittis tellus sed placerat.",
                                "align_mobile": "justify",
                                "__globals__": {
                                    "text_color": "globals\/colors?id=accent"
                                }
                            },
                            "elements": [],
                            "isInner": false,
                            "widgetType": "text-editor",
                            "elType": "widget"
                        },
                        {
                            "id": "2c8b8cf7",
                            "settings": {
                                "space_tablet": {
                                    "unit": "px",
                                    "size": 20,
                                    "sizes": []
                                }
                            },
                            "elements": [],
                            "isInner": false,
                            "widgetType": "spacer",
                            "elType": "widget"
                        },
                        {
                            "id": "2c0c0f67",
                            "settings": {
                                "text": "Start Learning",
                                "align_mobile": "center",
                                "_animation": "fadeInLeft",
                                "_animation_delay": 600,
                                "__globals__": {
                                    "button_text_color": "globals\/colors?id=bffb171",
                                    "background_color": "globals\/colors?id=primary",
                                    "hover_color": "globals\/colors?id=bffb171",
                                    "button_background_hover_color": "globals\/colors?id=text"
                                }
                            },
                            "elements": [],
                            "isInner": false,
                            "widgetType": "button",
                            "elType": "widget"
                        }
                    ],
                    "isInner": false,
                    "elType": "column"
                },
                {
                    "id": "31aee38",
                    "settings": {
                        "_column_size": 50,
                        "_inline_size": 40,
                        "margin": {
                            "unit": "px",
                            "top": "0",
                            "right": "0",
                            "bottom": "0",
                            "left": "0",
                            "isLinked": false
                        },
                        "padding": {
                            "unit": "px",
                            "top": "0",
                            "right": "0",
                            "bottom": "0",
                            "left": "0",
                            "isLinked": false
                        },
                        "padding_tablet": {
                            "unit": "px",
                            "top": "0",
                            "right": "20",
                            "bottom": "0",
                            "left": "0",
                            "isLinked": false
                        },
                        "padding_mobile": {
                            "unit": "px",
                            "top": "50",
                            "right": "30",
                            "bottom": "0",
                            "left": "30",
                            "isLinked": false
                        },
                        "animation": "fadeInRight",
                        "animation_delay": 800
                    },
                    "elements": [
                        {
                            "id": "36639479",
                            "settings": {
                                "title": "Lessons:",
                                "__globals__": {
                                    "title_color": "globals\/colors?id=primary"
                                },
                                "align": "left",
                                "_animation": "fadeInRight",
                                "_animation_delay": 200,
                                "align_mobile": "center",
                                "header_size": "h3"
                            },
                            "elements": [],
                            "isInner": false,
                            "widgetType": "heading",
                            "elType": "widget"
                        },
                        {
                            "id": "1fa74a9",
                            "settings": {
                                "space": {
                                    "unit": "px",
                                    "size": 20,
                                    "sizes": []
                                },
                                "space_tablet": {
                                    "unit": "px",
                                    "size": 20,
                                    "sizes": []
                                }
                            },
                            "elements": [],
                            "isInner": false,
                            "widgetType": "spacer",
                            "elType": "widget"
                        },
                        {
                            "id": "307b8228",
                            "settings": {
                                "tabs": [
                                    {
                                        "tab_title": "Chapter 1 - Introduction",
                                        "tab_content": "<ol>\n<li><a href=\"#\">Course Introduction<\/a><\/li>\n<li><a href=\"#\">About the Training Architect<\/a><\/li>\n<\/ol>\n",
                                        "_id": "4e2c038"
                                    },
                                    {
                                        "tab_title": "Chapter 2 - Introduction to the Cloud",
                                        "tab_content": "<ol>\n<li><a href=\"#\">What Is the Cloud?<\/a><\/li>\n<li><a href=\"#\">Where Did Cloud Computing Come From?<\/a><\/li>\n<li><a href=\"#\">Why Do We Use the Cloud?<\/a><\/li>\n<li><a href=\"#\">Why Should I Care about the Cloud?<\/a><\/li>\n<li><a href=\"#\">Who Are the Different Cloud Vendors?<\/a><\/li>\n<\/ol>",
                                        "_id": "257d6ac"
                                    },
                                    {
                                        "tab_title": "Chapter 3 - Understanding Cloud Computing",
                                        "tab_content": "<ol>\n<li><a href=\"#\">Isn't the Cloud Just Storage?<\/a><\/li>\n<li><a href=\"#\">What Is PaaS?<\/a><\/li>\n<li><a href=\"#\">What Is SaaS?<\/a><\/li>\n<li><a href=\"#\">What Is IaaS?<\/a><\/li>\n<li><a href=\"#\">What Is FaaS?<\/a><\/li>\n<li><a href=\"#\">What Is a Server?<\/a><\/li>\n<li><a href=\"#\">What Is Serverless?<\/a><\/li>\n<li><a href=\"#\">What Are Some Cloud Computing Jobs?<\/a><\/li>\n<\/ol>",
                                        "_id": "5d40c8c"
                                    },
                                    {
                                        "tab_title": "Chapter 4 - Conclusion",
                                        "tab_content": "<ol>\n<li><a href=\"#\">Course Summary and What's Next?<\/a><\/li>\n<\/ol>",
                                        "_id": "b1a04bf"
                                    }
                                ],
                                "selected_icon": {
                                    "value": "fas fa-angle-down",
                                    "library": "fa-solid"
                                },
                                "selected_active_icon": {
                                    "value": "fas fa-angle-up",
                                    "library": "fa-solid"
                                },
                                "border_width": {
                                    "unit": "px",
                                    "size": 1,
                                    "sizes": []
                                },
                                "icon_align": "right",
                                "content_padding": {
                                    "unit": "px",
                                    "top": "20",
                                    "right": "20",
                                    "bottom": "20",
                                    "left": "20",
                                    "isLinked": true
                                },
                                "__globals__": {
                                    "border_color": "globals\/colors?id=primary",
                                    "title_background": "globals\/colors?id=bffb171",
                                    "title_color": "globals\/colors?id=primary",
                                    "content_background_color": "globals\/colors?id=bffb171",
                                    "content_color": "globals\/colors?id=primary",
                                    "tab_active_color": "globals\/colors?id=primary",
                                    "icon_color": "globals\/colors?id=primary",
                                    "icon_active_color": "globals\/colors?id=primary"
                                }
                            },
                            "elements": [],
                            "isInner": false,
                            "widgetType": "accordion",
                            "elType": "widget"
                        }
                    ],
                    "isInner": false,
                    "elType": "column"
                }
            ],
            "isInner": false,
            "elType": "section"
        }
    ],
    "page_settings": {
        "eael_ext_toc_title": "Table of Contents"
    }
}